,lon,-90.7964
0,lat,41.4917
00,lon,-104.6822
000,lat,37.0856
0000,lon,-112.8003
00000,lat,34.0697
000000,lon,-117.9789
0000000,lat,21.1539
00000000,lon,-155.9117
000000000,lat,20.7583
0000000000,lon,-156.5631
0000000001,lon,-156.4286
000000001,lat,19.6333
0000000010,lon,-155.3589
0000000011,lon,-155.5833
00000001,lon,-157.8372
000000010,lat,21.6883
0000000100,lon,-158.05
0000000101,lon,-159.4969
000000011,lat,33.7611
0000000110,lon,-157.7167
0000000111,lon,-118.415
0000001,lat,33.2
00000010,lon,-116.5208
000000100,lat,32.7675
0000001000,lon,-117.0858
0000001001,lon,-116.9167
000000101,lat,32.6881
0000001010,lon,-114.635
0000001011,lon,-114.8839
00000011,lon,-116.9814
000000110,lat,33.7167
0000001100,lon,-117.4858
0000001101,lon,-117.4386
000000111,lat,33.6617
0000001110,lon,-116.35
0000001111,lon,-116.2153
000001,lon,-118.4547
0000010,lat,36.0678
00000100,lon,-119.3539
000001000,lat,35.1503
0000010000,lon,-119.8667
0000010001,lon,-120.6831
000001001,lat,34.5958
0000010010,lon,-119.1167
0000010011,lon,-118.8333
00000101,lon,-120.45
000001010,lat,36.6594
0000010100,lon,-121.4917
0000010101,lon,-121.7667
000001011,lat,36.4108
0000010110,lon,-119.6289
0000010111,lon,-119.0883
0000011,lat,34.8928
00000110,lon,-117.3833
000001100,lat,34.2211
0000011000,lon,-117.9078
0000011001,lon,-118.0939
000001101,lat,34.2442
0000011010,lon,-116.9131
0000011011,lon,-114.3667
00000111,lon,-115.4278
000001110,lat,35.7706
0000011100,lon,-117.6931
0000011101,lon,-116.8833
000001111,lat,36.0469
0000011110,lon,-114.0833
0000011111,lon,-114.4833
00001,lat,33.8
000010,lon,-109.3092
0000100,lat,32.6231
00001000,lon,-110.7317
000010000,lat,31.95
0000100000,lon,-111.2833
0000100001,lon,-110.9553
000010001,lat,31.6072
0000100010,lon,-109.9289
0000100011,lon,-109.95
00001001,lon,-111.7117
000010010,lat,33.3833
0000100100,lon,-112.0833
0000100101,lon,-112.0667
000010011,lat,33.3
0000100110,lon,-110.8667
0000100111,lon,-111.0972
0000101,lat,32.2622
00001010,lon,-107.25
000010100,lat,29.33
0000101000,lon,-108.62
0000101001,lon,-108.3247
000010101,lat,28.83
0000101010,lon,-105.4
0000101011,lon,-106.2833
00001011,lon,-107.2322
000010110,lat,32.9167
0000101100,lon,-108.4333
0000101101,lon,-108.3167
000010111,lat,32.9308
0000101110,lon,-106.4833
0000101111,lon,-105.8225
000011,lon,-108.3636
0000110,lat,34.9067
00001100,lon,-111.3064
000011000,lat,34.3222
0000110000,lon,-112.3006
0000110001,lon,-112.0481
000011001,lat,34.1667
0000110010,lon,-109.8167
0000110011,lon,-110.25
00001101,lon,-111.4
000011010,lat,36.05
0000110100,lon,-111.7517
0000110101,lon,-112.1
000011011,lat,35.6
0000110110,lon,-109.5333
0000110111,lon,-109.6167
0000111,lat,35.7667
00001110,lon,-106.3494
000011100,lat,35.0217
0000111000,lon,-106.8858
0000111001,lon,-107.5178
000011101,lat,35.0028
0000111010,lon,-105.75
0000111011,lon,-105.7833
00001111,lon,-106.45
000011110,lat,36.5928
0000111100,lon,-106.9683
0000111101,lon,-107.7069
000011111,lat,36.3467
0000111110,lon,-105.9833
0000111111,lon,-105.5633
0001,lon,-112.6508
00010,lat,39.0117
000100,lon,-120.6706
0001000,lat,38.0167
00010000,lon,-122.0481
000100000,lat,37.7333
0001000000,lon,-122.3167
0001000001,lon,-122.2642
000100001,lat,37.5667
0001000010,lon,-121.9239
0001000011,lon,-121.7458
00010001,lon,-122.05
000100010,lat,38.4917
0001000100,lon,-122.5
0001000101,lon,-122.8103
000100011,lat,38.535
0001000110,lon,-121.5667
0001000111,lon,-121.2333
0001001,lat,37.9567
00010010,lon,-117.5
000100100,lat,37.39
0001001000,lon,-119.5097
0001001001,lon,-119.6047
000100101,lat,37.5764
0001001010,lon,-113.6664
0001001011,lon,-113.9256
00010011,lon,-119.2167
000100110,lat,38.4883
0001001100,lon,-120.2469
0001001101,lon,-119.8914
000100111,lat,38.45
0001001110,lon,-116.2167
0001001111,lon,-115.35
000101,lon,-120.4725
0001010,lat,39.9333
00010100,lon,-121.6183
000101000,lat,39.49
0001010000,lon,-122.95
0001010001,lon,-122.5342
000101001,lat,39.3167
0001010010,lon,-121.0667
0001010011,lon,-121.2011
00010101,lon,-122.3833
000101010,lat,40.7264
0001010100,lon,-123.2122
0001010101,lon,-123.5833
000101011,lat,40.54
0001010110,lon,-121.5039
0001010111,lon,-121.5856
0001011,lat,39.9642
00010110,lon,-119.0833
000101100,lat,39.3256
0001011000,lon,-120.1292
0001011001,lon,-120.173
000101101,lat,39.3833
0001011010,lon,-114.9911
0001011011,lon,-116.2
00010111,lon,-116.1667
000101110,lat,40.6117
0001011100,lon,-118.5692
0001011101,lon,-118.1631
000101111,lat,40.7178
0001011110,lon,-114.75
0001011111,lon,-114.9736
00011,lat,39.5264
000110,lon,-108.0211
0001100,lat,38.3897
00011000,lon,-109.9878
000110000,lat,37.7686
0001100000,lon,-112.1722
0001100001,lon,-111.9608
000110001,lat,37.6094
0001100010,lon,-108.6636
0001100011,lon,-109.0833
00011001,lon,-111.25
000110010,lat,38.9594
0001100100,lon,-112.0
0001100101,lon,-112.2394
000110011,lat,39.05
0001100110,lon,-109.3167
0001100111,lon,-108.7353
0001101,lat,38.4461
00011010,lon,-106.8333
000110100,lat,37.7256
0001101000,lon,-107.6264
0001101001,lon,-107.6667
000110101,lat,37.65
0001101010,lon,-105.8833
0001101011,lon,-105.6897
00011011,lon,-106.3333
000110110,lat,38.9028
0001101100,lon,-107.6236
0001101101,lon,-107.0931
000110111,lat,39.0808
0001101110,lon,-105.265
0001101111,lon,-105.3394
000111,lon,-109.55
0001110,lat,40.5467
00011100,lon,-111.55
000111000,lat,40.2167
0001110000,lon,-111.8653
0001110001,lon,-111.8997
000111001,lat,40.1667
0001110010,lon,-111.1189
0001110011,lon,-110.5622
00011101,lon,-111.6722
000111010,lat,40.9833
0001110100,lon,-111.9167
0001110101,lon,-111.95
000111011,lat,40.8111
0001110110,lon,-111.4078
0001110111,lon,-111.0306
0001111,lat,40.3
00011110,lon,-105.9167
000111100,lat,40.0
0001111000,lon,-106.9731
0001111001,lon,-107.5556
000111101,lat,39.8744
0001111010,lon,-105.2456
0001111011,lon,-105.5167
00011111,lon,-106.2833
000111110,lat,40.5333
0001111100,lon,-107.55
0001111101,lon,-107.5333
000111111,lat,40.7333
0001111110,lon,-105.2264
0001111111,lon,-105.6242
001,lat,35.3889
0010,lon,-97.3442
00100,lat,31.4072
001000,lon,-99.1861
0010000,lat,28.6794
00100000,lon,-101.433
001000000,lat,21.67
0010000000,lon,-102.58
0010000001,lon,-103.62
001000001,lat,25.733
0010000010,lon,-99.83
0010000011,lon,-99.8667
00100001,lon,-101.2519
001000010,lat,30.2678
0010000100,lon,-103.3
0010000101,lon,-102.9167
001000011,lat,29.95
0010000110,lon,-100.4519
0010000111,lon,-100.3
0010001,lat,28.4114
00100010,lon,-98.0678
001000100,lat,26.1728
0010001000,lon,-98.82
0010001001,lon,-98.4
001000101,lat,26.2
0010001010,lon,-97.68
0010001011,lon,-97.6956
00100011,lon,-98.2339
001000110,lat,29.5439
0010001100,lon,-98.8433
0010001101,lon,-98.7167
001000111,lat,29.8706
0010001110,lon,-97.85
0010001111,lon,-97.7333
001001,lon,-100.2831
0010010,lat,33.5281
00100100,lon,-102.8072
001001000,lat,32.6333
0010010000,lon,-103.9333
0010010001,lon,-104.1617
001001001,lat,32.3978
0010010010,lon,-101.4814
0010010011,lon,-101.3744
00100101,lon,-102.4333
001001010,lat,34.5119
0010010100,lon,-103.4333
0010010101,lon,-103.6867
001001011,lat,34.1981
0010010110,lon,-101.7461
0010010111,lon,-101.4969
0010011,lat,33.5947
00100110,lon,-98.6058
001001100,lat,32.3989
0010011000,lon,-99.5606
0010011001,lon,-99.6167
001001101,lat,32.3139
0010011010,lon,-98.0853
0010011011,lon,-97.8069
00100111,lon,-98.65
001001110,lat,34.65
0010011100,lon,-99.3344
0010011101,lon,-99.36
001001111,lat,34.6097
0010011110,lon,-98.2333
0010011111,lon,-97.9519
00101,lat,32.1667
001010,lon,-94.3411
0010100,lat,29.9167
00101000,lon,-96.2536
001010000,lat,28.6167
0010100000,lon,-97.0464
0010100001,lon,-97.0106
001010001,lat,29.2353
0010100010,lon,-95.5678
0010100011,lon,-95.3667
00101001,lon,-95.9833
001010010,lat,31.0736
0010100100,lon,-96.5403
0010100101,lon,-97.0667
001010011,lat,31.1333
0010100110,lon,-95.3833
0010100111,lon,-95.2736
0010101,lat,30.6036
00101010,lon,-92.065
001010100,lat,29.9689
0010101000,lon,-92.83
0010101001,lon,-93.15
001010101,lat,30.0333
0010101010,lon,-91.5256
0010101011,lon,-91.2333
00101011,lon,-92.4617
001010110,lat,31.3747
0010101100,lon,-93.3911
0010101101,lon,-93.3333
001010111,lat,31.2833
0010101110,lon,-91.6667
0010101111,lon,-91.7089
001011,lon,-93.895
0010110,lat,33.6461
00101100,lon,-96.015
001011000,lat,32.8667
0010110000,lon,-96.8422
0010110001,lon,-97.0189
001011001,lat,32.8167
0010110010,lon,-94.8914
0010110011,lon,-95.0717
00101101,lon,-95.8672
001011010,lat,34.3325
0010110100,lon,-96.6667
0010110101,lon,-96.7178
001011011,lat,34.4833
0010110110,lon,-94.8981
0010110111,lon,-94.6333
0010111,lat,33.8228
00101110,lon,-92.3989
001011100,lat,32.8869
0010111000,lon,-93.0667
0010111001,lon,-93.3878
001011101,lat,32.9667
0010111010,lon,-92.0056
0010111011,lon,-91.5058
00101111,lon,-92.4294
001011110,lat,34.5697
0010111100,lon,-93.06
0010111101,lon,-93.1594
001011111,lat,34.4764
0010111110,lon,-91.5833
0010111111,lon,-91.9928
0011,lon,-96.75
00110,lat,38.5872
001100,lon,-99.9964
0011000,lat,36.9667
00110000,lon,-102.6133
001100000,lat,36.3333
0011000000,lon,-103.8667
0011000001,lon,-103.9667
001100001,lat,36.1981
0011000010,lon,-101.4
0011000011,lon,-101.405
00110001,lon,-102.1236
001100010,lat,38.0392
0011000100,lon,-103.6947
0011000101,lon,-103.51
001100011,lat,37.6333
0011000110,lon,-101.34
0011000111,lon,-101.3658
0011001,lat,36.7647
00110010,lon,-98.1331
001100100,lat,36.0719
0011001000,lon,-98.9603
0011001001,lon,-99.3817
001100101,lat,36.0642
0011001010,lon,-97.4142
0011001011,lon,-97.6067
00110011,lon,-98.4244
001100110,lat,37.6025
0011001100,lon,-99.3289
0011001101,lon,-99.235
001100111,lat,37.65
0011001110,lon,-97.7458
0011001111,lon,-97.4431
001101,lon,-99.9
0011010,lat,40.2233
00110100,lon,-101.9408
001101000,lat,39.3047
0011010000,lon,-103.2667
0011010001,lon,-103.1331
001101001,lat,39.3769
0011010010,lon,-100.9628
0011010011,lon,-101.0611
00110101,lon,-102.3411
001101010,lat,41.0103
0011010100,lon,-103.8156
0011010101,lon,-103.2342
001101011,lat,40.8433
0011010110,lon,-101.0344
0011010111,lon,-101.5428
0011011,lat,40.1
00110110,lon,-98.315
001101100,lat,39.4483
0011011000,lon,-99.4192
0011011001,lon,-99.0333
001101101,lat,39.2942
0011011010,lon,-97.6678
0011011011,lon,-97.6697
00110111,lon,-98.0733
001101110,lat,40.7258
0011011100,lon,-99.2903
0011011101,lon,-99.2981
001101111,lat,40.8586
0011011110,lon,-97.5928
0011011111,lon,-97.5922
00111,lat,38.7042
001110,lon,-94.1667
0011100,lat,37.0911
00111000,lon,-95.2333
001110000,lat,36.1747
0011100000,lon,-96.25
0011100001,lon,-96.1
001110001,lat,36.3219
0011100010,lon,-94.7725
0011100011,lon,-94.7967
00111001,lon,-95.5042
001110010,lat,37.8253
0011100100,lon,-96.1861
0011100101,lon,-96.1897
001110011,lat,37.8117
0011100110,lon,-95.06
0011100111,lon,-94.8778
0011101,lat,37.0536
00111010,lon,-92.4
001110100,lat,36.2
0011101000,lon,-93.25
0011101001,lon,-93.7167
001110101,lat,36.2747
0011101010,lon,-91.6169
0011101011,lon,-91.7944
00111011,lon,-92.7667
001110110,lat,37.8639
0011101100,lon,-93.5781
0011101101,lon,-93.3989
001110111,lat,37.8958
0011101110,lon,-92.105
0011101111,lon,-91.9811
001111,lon,-94.0269
0011110,lat,40.2486
00111100,lon,-95.2358
001111000,lat,39.2419
0011110000,lon,-95.6833
0011110001,lon,-96.1558
001111001,lat,39.5072
0011110010,lon,-94.6422
0011110011,lon,-94.7078
00111101,lon,-95.3867
001111010,lat,40.85
0011110100,lon,-96.1892
0011110101,lon,-96.3672
001111011,lat,40.7672
0011110110,lon,-94.8342
0011110111,lon,-95.0039
0011111,lat,40.1433
00111110,lon,-92.4667
001111100,lat,39.2833
0011111000,lon,-93.4194
0011111001,lon,-93.1469
001111101,lat,39.4194
0011111010,lon,-91.9414
0011111011,lon,-91.4281
00111111,lon,-92.5747
001111110,lat,40.9833
0011111100,lon,-93.3697
0011111101,lon,-93.6481
001111111,lat,40.8333
0011111110,lon,-91.3833
0011111111,lon,-91.9553
01,lon,-112.12
010,lat,48.0667
0100,lon,-119.15
01000,lat,45.2214
010000,lon,-122.3903
0100000,lat,43.3708
01000000,lon,-123.3572
010000000,lat,42.6003
0100000000,lon,-124.0747
0100000001,lon,-124.0625
010000001,lat,42.3167
0100000010,lon,-122.85
0100000011,lon,-122.8833
01000001,lon,-123.2206
010000010,lat,44.1667
0100000100,lon,-123.6167
0100000101,lon,-123.7533
010000011,lat,44.6167
0100000110,lon,-122.75
0100000111,lon,-123.05
0100001,lat,43.5611
01000010,lon,-121.062
010000100,lat,42.4333
0100001000,lon,-121.7814
0100001001,lon,-121.8936
010000101,lat,42.2667
0100001010,lon,-120.2167
0100001011,lon,-120.4167
01000011,lon,-121.2103
010000110,lat,44.3158
0100001100,lon,-121.7167
0100001101,lon,-121.9667
010000111,lat,44.4667
0100001110,lon,-120.4
0100001111,lon,-120.7533
010001,lon,-121.8333
0100010,lat,46.6833
01000100,lon,-122.6894
010001000,lat,45.9411
0100010000,lon,-123.1903
0100010001,lon,-123.7531
010001001,lat,45.6228
0100010010,lon,-122.3311
0100010011,lon,-122.2042
01000101,lon,-122.5833
010001010,lat,47.2614
0100010100,lon,-123.4006
0100010101,lon,-123.5906
010001011,lat,47.3767
0100010110,lon,-122.0333
0100010111,lon,-122.2667
0100011,lat,46.5833
01000110,lon,-120.6008
010001100,lat,45.61
0100011000,lon,-121.33
0100011001,lon,-121.2811
010001101,lat,45.95
0100011010,lon,-119.5667
0100011011,lon,-120.1333
01000111,lon,-120.9833
010001110,lat,47.2667
0100011100,lon,-121.4833
0100011101,lon,-121.4667
010001111,lat,47.3078
0100011110,lon,-120.3167
0100011111,lon,-120.2108
01001,lat,44.8872
010010,lon,-115.6186
0100100,lat,43.8
01001000,lon,-117.1142
010010000,lat,42.7083
0100100000,lon,-118.2167
0100100001,lon,-118.2244
010010001,lat,43.2044
0100100010,lon,-116.1
0100100011,lon,-116.4167
01001001,lon,-117.0833
010010010,lat,44.4
0100100100,lon,-118.3775
0100100101,lon,-118.1167
010010011,lat,44.1011
0100100110,lon,-116.9442
0100100111,lon,-116.3333
0100101,lat,42.9403
01001010,lon,-114.1167
010010100,lat,42.5333
0100101000,lon,-114.8333
0100101001,lon,-114.6667
010010101,lat,42.3019
0100101010,lon,-113.1528
0100101011,lon,-113.5833
01001011,lon,-114.0742
010010110,lat,43.7
0100101100,lon,-114.8167
0100101101,lon,-114.85
010010111,lat,43.7828
0100101110,lon,-113.16
0100101111,lon,-113.3622
010011,lon,-115.9667
0100110,lat,46.3153
01001100,lon,-117.9239
010011000,lat,45.6833
0100110000,lon,-118.45
0100110001,lon,-118.4628
010011001,lat,45.4239
0100110010,lon,-117.2247
0100110011,lon,-116.8333
01001101,lon,-117.4333
010011010,lat,47.3
0100110100,lon,-118.5397
0100110101,lon,-118.3
010011011,lat,46.95
0100110110,lon,-117.0156
0100110111,lon,-116.8167
0100111,lat,46.6167
01001110,lon,-113.8933
010011100,lat,45.9183
0100111000,lon,-114.6278
0100111001,lon,-114.5
010011101,lat,45.8833
0100111010,lon,-112.85
0100111011,lon,-112.9333
01001111,lon,-114.0983
010011110,lat,47.4667
0100111100,lon,-115.1097
0100111101,lon,-115.3594
010011111,lat,47.1828
0100111110,lon,-113.2667
0100111111,lon,-112.7833
0101,lon,-122.57
01010,lat,56.95
010100,lon,-124.65
0101000,lat,53.4333
01010000,lon,-126.32
010100000,lat,50.917
0101000000,lon,-127.65
0101000001,lon,-128.717
010100001,lat,49.58
0101000010,lon,-125.0
0101000011,lon,-125.2
01010001,lon,-130.36
010100010,lat,55.2667
0101000100,lon,-132.07
0101000101,lon,-132.9017
010100011,lat,54.5
0101000110,lon,-127.95
0101000111,lon,-127.62
0101001,lat,49.17
01010010,lon,-123.37
010100100,lat,48.62
0101001000,lon,-123.52
0101001001,lon,-123.63
010100101,lat,48.6
0101001010,lon,-122.8333
0101001011,lon,-122.85
01010011,lon,-123.17
010100110,lat,49.53
0101001100,lon,-123.95
0101001101,lon,-124.25
010100111,lat,49.35
0101001110,lon,-122.93
0101001111,lon,-122.93
010101,lon,-147.8739
0101010,lat,61.8667
01010100,lon,-150.6667
010101000,lat,59.7333
0101010000,lon,-153.3
0101010001,lon,-154.32
010101001,lat,61.2167
0101010010,lon,-149.5833
0101010011,lon,-149.2708
01010101,lon,-155.4333
010101010,lat,65.5858
0101010100,lon,-162.0167
0101010101,lon,-166.1167
010101011,lat,64.7919
0101010110,lon,-150.0989
0101010111,lon,-150.5833
0101011,lat,61.7833
01010110,lon,-135.2319
010101100,lat,59.5272
0101011000,lon,-135.9
0101011001,lon,-144.7633
010101101,lat,58.83
0101011010,lon,-134.3333
0101011011,lon,-133.3
01010111,lon,-142.1667
010101110,lat,64.2381
0101011100,lon,-145.5
0101011101,lon,-147.1667
010101111,lat,64.7767
0101011110,lon,-139.43
0101011111,lon,-133.02
01011,lat,50.3
010110,lon,-117.817
0101100,lat,49.1
01011000,lon,-120.6475
010110000,lat,48.6833
0101100000,lon,-121.6931
0101100001,lon,-122.27
010110001,lat,48.5667
0101100010,lon,-119.5333
0101100011,lon,-118.77
01011001,lon,-120.0
010110010,lat,49.35
0101100100,lon,-121.95
0101100101,lon,-120.87
010110011,lat,49.85
0101100110,lon,-119.58
0101100111,lon,-119.383
0101101,lat,49.02
01011010,lon,-114.9167
010110100,lat,48.4
0101101000,lon,-116.6333
0101101001,lon,-116.3361
010110101,lat,48.5394
0101101010,lon,-114.0575
0101101011,lon,-113.4294
01011011,lon,-115.07
010110110,lat,49.48
0101101100,lon,-117.52
0101101101,lon,-116.93
010110111,lat,49.67
0101101110,lon,-113.95
0101101111,lon,-113.58
010111,lon,-116.45
0101110,lat,52.45
01011100,lon,-120.12
010111000,lat,50.92
0101110000,lon,-121.0
0101110001,lon,-121.33
010111001,lat,50.93
0101110010,lon,-119.28
0101110011,lon,-118.2
01011101,lon,-119.25
010111010,lat,55.2
0101110100,lon,-121.417
0101110101,lon,-120.75
010111011,lat,55.49
0101110110,lon,-117.82
0101110111,lon,-117.81
0101111,lat,52.55
01011110,lon,-114.1
010111100,lat,51.183
0101111000,lon,-115.05
0101111001,lon,-114.93
010111101,lat,51.76
0101111010,lon,-113.3
0101111011,lon,-113.52
01011111,lon,-114.1
010111110,lat,54.15
0101111100,lon,-114.72
0101111101,lon,-115.28
010111111,lat,53.57
0101111110,lon,-113.52
0101111111,lon,-113.35
011,lat,45.8167
0110,lon,-99.4894
01100,lat,43.8564
011000,lon,-106.4136
0110000,lat,42.7333
01100000,lon,-111.1167
011000000,lat,41.9
0110000000,lon,-111.8167
0110000001,lon,-111.81
011000001,lat,42.1953
0110000010,lon,-109.2394
0110000011,lon,-109.6903
01100001,lon,-110.05
011000010,lat,43.4
0110000100,lon,-110.9667
0110000101,lon,-111.1667
011000011,lat,43.2372
0110000110,lon,-108.7406
0110000111,lon,-108.6942
0110001,lat,42.6667
01100010,lon,-103.5189
011000100,lat,41.9481
0110001000,lon,-104.4936
0110001001,lon,-104.9658
011000101,lat,42.0572
0110001010,lon,-101.75
0110001011,lon,-101.2833
01100011,lon,-103.2683
011000110,lat,43.35
0110001100,lon,-104.6036
0110001101,lon,-104.3333
011000111,lat,43.1803
0110001110,lon,-102.2036
0110001111,lon,-101.5147
011001,lon,-106.9694
0110010,lat,44.8503
01100100,lon,-109.55
011001000,lat,44.4167
0110010000,lon,-110.8333
0110010001,lon,-111.1006
011001001,lat,44.4908
0110010010,lon,-108.0411
0110010011,lon,-108.7592
01100101,lon,-110.2167
011001010,lat,45.3333
0110010100,lon,-111.35
0110010101,lon,-111.1608
011001011,lat,45.2436
0110010110,lon,-109.35
0110010111,lon,-108.5706
0110011,lat,44.6667
01100110,lon,-103.4819
011001100,lat,44.3533
0110011000,lon,-105.1175
0110011001,lon,-104.7167
011001101,lat,44.0839
0110011010,lon,-101.8606
0110011011,lon,-101.7406
01100111,lon,-103.5464
011001110,lat,45.0983
0110011100,lon,-105.0833
0110011101,lon,-105.8167
011001111,lat,45.2667
0110011110,lon,-102.0192
0110011111,lon,-102.2
01101,lat,43.4333
011010,lon,-94.9761
0110100,lat,42.5
01101000,lon,-96.9575
011010000,lat,41.9564
0110100000,lon,-98.5331
0110100001,lon,-98.0275
011010001,lat,41.9644
0110100010,lon,-96.1778
0110100011,lon,-96.1258
01101001,lon,-97.2567
011010010,lat,42.9131
0110100100,lon,-98.0772
0110100101,lon,-98.3486
011010011,lat,43.0431
0110100110,lon,-96.1458
0110100111,lon,-96.1525
0110101,lat,42.4733
01101010,lon,-93.0989
011010100,lat,41.9922
0110101000,lon,-94.0167
0110101001,lon,-94.05
011010101,lat,42.0
0110101010,lon,-92.2764
0110101011,lon,-92.5806
01101011,lon,-92.8106
011010110,lat,42.95
0110101100,lon,-94.2203
0110101101,lon,-94.2167
011010111,lat,42.8125
0110101110,lon,-92.2575
0110101111,lon,-91.8158
011011,lon,-94.9167
0110110,lat,44.5178
01101100,lon,-97.1853
011011000,lat,43.9708
0110110000,lon,-98.7131
0110110001,lon,-98.5706
011011001,lat,44.0
0110110010,lon,-95.8833
0110110011,lon,-96.5319
01101101,lon,-97.0625
011011010,lat,45.1539
0110110100,lon,-98.5333
0110110101,lon,-98.4142
011011011,lat,45.2203
0110110110,lon,-96.1661
0110110111,lon,-96.5042
0110111,lat,44.6981
01101110,lon,-92.9133
011011100,lat,44.0
0110111000,lon,-94.0
0110111001,lon,-93.9025
011011101,lat,43.9042
0110111010,lon,-91.5028
0110111011,lon,-91.6719
01101111,lon,-93.03
011011110,lat,45.0
0110111100,lon,-93.6275
0110111101,lon,-94.0
011011111,lat,45.2236
0110111110,lon,-91.9167
0110111111,lon,-92.4667
0111,lon,-102.83
01110,lat,49.2
011100,lon,-108.3133
0111000,lat,47.2972
01110000,lon,-110.55
011100000,lat,46.5833
0111000000,lon,-111.4833
0111000001,lon,-111.71
011100001,lat,46.5333
0111000010,lon,-109.8311
0111000011,lon,-109.5
01110001,lon,-110.3022
011100010,lat,48.2833
0111000100,lon,-111.3822
0111000101,lon,-111.2167
011100011,lat,48.3042
0111000110,lon,-109.4333
0111000111,lon,-109.6667
0111001,lat,47.4819
01110010,lon,-105.3022
011100100,lat,46.5833
0111001000,lon,-107.1375
0111001001,lon,-106.7667
011100101,lat,46.6833
0111001010,lon,-104.5461
0111001011,lon,-104.3089
01110011,lon,-105.3686
011100110,lat,48.3478
0111001100,lon,-106.7
0111001101,lon,-106.8833
011100111,lat,48.2833
0111001110,lon,-104.0
0111001111,lon,-104.25
011101,lon,-107.4
0111010,lat,52.07
01110100,lon,-109.517
011101000,lat,50.58
0111010000,lon,-111.15
0111010001,lon,-110.75
011101001,lat,50.33
0111010010,lon,-108.42
0111010011,lon,-108.23
01110101,lon,-110.33
011101010,lat,53.52
0111010100,lon,-111.65
0111010101,lon,-111.25
011101011,lat,53.3
0111010110,lon,-108.95
0111010111,lon,-109.15
0111011,lat,51.25
01110110,lon,-104.67
011101100,lat,50.43
0111011000,lon,-106.18
0111011001,lon,-106.55
011101101,lat,50.43
0111011010,lon,-103.92
0111011011,lon,-103.9
01110111,lon,-105.15
011101110,lat,52.15
0111011100,lon,-106.58
0111011101,lon,-106.02
011101111,lat,52.65
0111011110,lon,-104.23
0111011111,lon,-104.33
01111,lat,48.2725
011110,lon,-97.1919
0111100,lat,46.9075
01111000,lon,-100.2875
011110000,lat,46.3931
0111100000,lon,-102.0833
0111100001,lon,-101.65
011110001,lat,46.3833
0111100010,lon,-98.7661
0111100011,lon,-99.1383
01111001,lon,-100.0
011110010,lat,47.5214
0111100100,lon,-101.1461
0111100101,lon,-101.2922
011110011,lat,47.4494
0111100110,lon,-98.0833
0111100111,lon,-98.8681
0111101,lat,46.8833
01111010,lon,-93.5014
011110100,lat,46.3197
0111101000,lon,-95.8333
0111101001,lon,-95.38
011110101,lat,46.4203
0111101010,lon,-92.25
0111101011,lon,-92.2097
01111011,lon,-94.5175
011110110,lat,47.5369
0111101100,lon,-96.5161
0111101101,lon,-96.6028
011110111,lat,47.3919
0111101110,lon,-93.4975
0111101111,lon,-92.6
011111,lon,-98.7
0111110,lat,49.93
01111100,lon,-100.4
011111000,lat,48.8217
0111110000,lon,-102.0975
0111110001,lon,-101.45
011111001,lat,49.18
0111110010,lon,-99.8069
0111110011,lon,-99.633
01111101,lon,-101.27
011111010,lat,51.267
0111110100,lon,-102.27
0111110101,lon,-101.9
011111011,lat,50.92
0111110110,lon,-100.0
0111110111,lon,-100.57
0111111,lat,49.68
01111110,lon,-96.88
011111100,lat,49.0
0111111000,lon,-97.75
0111111001,lon,-98.08
011111101,lat,48.767
0111111010,lon,-93.97
0111111011,lon,-95.37
01111111,lon,-96.85
011111110,lat,50.617
0111111100,lon,-97.25
0111111101,lon,-97.833
011111111,lat,50.63
0111111110,lon,-95.53
0111111111,lon,-94.25
1,lat,40.7742
10,lon,-78.7914
100,lat,35.7178
1000,lon,-83.9167
10000,lat,32.8694
100000,lon,-87.8125
1000000,lat,30.8489
10000000,lon,-89.8
100000000,lat,30.0306
1000000000,lon,-90.1303
1000000001,lon,-90.4731
100000001,lat,30.3772
1000000010,lon,-89.35
1000000011,lon,-88.5903
10000001,lon,-89.4156
100000010,lat,31.8583
1000000100,lon,-90.3939
1000000101,lon,-90.2092
100000011,lat,31.9667
1000000110,lon,-88.8889
1000000111,lon,-88.71
1000001,lat,31.5333
10000010,lon,-85.6833
100000100,lat,30.7794
1000001000,lon,-87.1869
1000001001,lon,-87.0333
100000101,lat,30.6
1000001010,lon,-84.68
1000001011,lon,-84.7
10000011,lon,-85.8889
100000110,lat,32.3667
1000001100,lon,-86.6108
1000001101,lon,-87.0144
100000111,lat,32.0603
1000001110,lon,-85.0375
1000001111,lon,-85.1667
100001,lon,-87.15
1000010,lat,34.3061
10000100,lon,-89.0711
100001000,lat,33.5258
1000010000,lon,-90.0867
1000010001,lon,-90.0681
100001001,lat,33.7392
1000010010,lon,-88.3667
1000010011,lon,-88.7167
10000101,lon,-89.1597
100001010,lat,35.0264
1000010100,lon,-90.3683
1000010101,lon,-89.8036
100001011,lat,35.155
1000010110,lon,-88.3214
1000010111,lon,-88.5608
1000011,lat,34.3478
10000110,lon,-85.7789
100001100,lat,33.5333
1000011000,lon,-86.3431
1000011001,lon,-86.3333
100001101,lat,33.5972
1000011010,lon,-84.8178
1000011011,lon,-84.8486
10000111,lon,-85.8008
100001110,lat,35.1803
1000011100,lon,-86.7861
1000011101,lon,-86.9667
100001111,lat,34.9833
1000011110,lon,-84.9333
1000011111,lon,-84.8
10001,lat,32.7797
100010,lon,-81.717
1000100,lat,30.0678
10001000,lon,-82.3161
100010000,lat,27.9619
1000100000,lon,-82.5403
1000100001,lon,-82.7667
100010001,lat,28.0206
1000100010,lon,-81.8739
1000100011,lon,-82.1164
10001001,lon,-83.0758
100010010,lat,31.2644
1000100100,lon,-83.5736
1000100101,lon,-83.6
100010011,lat,31.2514
1000100110,lon,-82.4
1000100111,lon,-82.3878
1000101,lat,28.1011
10001010,lon,-80.6256
100010100,lat,26.6928
1000101000,lon,-81.1292
1000101001,lon,-81.2
100010101,lat,26.0933
1000101010,lon,-80.3164
1000101011,lon,-80.2269
10001011,lon,-81.3333
100010110,lat,30.2875
1000101100,lon,-81.5467
1000101101,lon,-81.5147
100010111,lat,29.1828
1000101110,lon,-81.2436
1000101111,lon,-80.9
100011,lon,-81.6967
1000110,lat,34.6531
10001100,lon,-82.8161
100011000,lat,33.9664
1000110000,lon,-83.3656
1000110001,lon,-83.4
100011001,lat,33.6631
1000110010,lon,-82.2372
1000110011,lon,-82.5833
10001101,lon,-82.7833
100011010,lat,35.0592
1000110100,lon,-83.2678
1000110101,lon,-83.3667
100011011,lat,35.2719
1000110110,lon,-82.3833
1000110111,lon,-82.4833
1000111,lat,34.3667
10001110,lon,-80.3667
100011100,lat,33.8089
1000111000,lon,-81.2422
1000111001,lon,-81.3181
100011101,lat,33.6833
1000111010,lon,-79.9333
1000111011,lon,-79.7556
10001111,lon,-80.2742
100011110,lat,34.9386
1000111100,lon,-81.1333
1000111101,lon,-80.9553
100011111,lat,34.9603
1000111110,lon,-79.6167
1000111111,lon,-79.4667
1001,lon,-84.2342
10010,lat,38.3769
100100,lon,-87.4667
1001000,lat,37.0956
10010000,lon,-89.1856
100100000,lat,36.4136
1001000000,lon,-89.9167
1001000001,lon,-89.9667
100100001,lat,36.3925
1001000010,lon,-88.7267
1001000011,lon,-88.3333
10010001,lon,-88.9883
100100010,lat,37.6167
1001000100,lon,-90.0106
1001000101,lon,-89.8308
100100011,lat,37.7408
1001000110,lon,-88.4894
1001000111,lon,-87.9481
1001001,lat,36.9833
10010010,lon,-86.1247
100100100,lat,36.2469
1001001000,lon,-86.9064
1001001001,lon,-86.8275
100100101,lat,36.15
1001001010,lon,-85.1344
1001001011,lon,-85.3364
10010011,lon,-85.7392
100100110,lat,37.7822
1001001100,lon,-86.4308
1001001101,lon,-86.5333
100100111,lat,37.7333
1001001110,lon,-84.7708
1001001111,lon,-85.3089
100101,lon,-87.0917
1001010,lat,39.4158
10010100,lon,-89.0922
100101000,lat,38.7667
1001010000,lon,-90.2667
1001010001,lon,-90.1464
100101001,lat,38.7003
1001010010,lon,-88.0817
1001010011,lon,-88.1828
10010101,lon,-88.7075
100101010,lat,40.0083
1001010100,lon,-89.8744
1001010101,lon,-89.6
100101011,lat,40.0397
1001010110,lon,-88.2778
1001010111,lon,-87.9567
1001011,lat,39.55
10010110,lon,-85.7667
100101100,lat,38.8894
1001011000,lon,-86.5
1001011001,lon,-86.2294
100101101,lat,39.0431
1001011010,lon,-85.0761
1001011011,lon,-84.6961
10010111,lon,-85.7611
100101110,lat,40.0667
1001011100,lon,-86.2808
1001011101,lon,-86.6661
100101111,lat,40.1
1001011110,lon,-84.9208
1001011111,lon,-85.1667
10011,lat,38.6833
100110,lon,-81.3167
1001100,lat,36.8628
10011000,lon,-82.6658
100110000,lat,36.0703
1001100000,lon,-83.4886
1001100001,lon,-83.4739
100110001,lat,36.1472
1001100010,lon,-81.7833
1001100011,lon,-81.9136
10011001,lon,-82.5
100110010,lat,37.8667
1001100100,lon,-83.4706
1001100101,lon,-83.0183
100110011,lat,37.86
1001100110,lon,-81.6333
1001100111,lon,-81.8667
1001101,lat,37.3167
10011010,lon,-80.2222
100110100,lat,36.4819
1001101000,lon,-81.0931
1001101001,lon,-80.7131
100110101,lat,36.2119
1001101010,lon,-79.4769
1001101011,lon,-79.6947
10011011,lon,-80.1336
100110110,lat,37.8325
1001101100,lon,-80.8833
1001101101,lon,-80.6333
100110111,lat,37.8814
1001101110,lon,-79.5233
1001101111,lon,-79.6586
100111,lon,-81.3
1001110,lat,39.8167
10011100,lon,-82.8872
100111000,lat,39.3542
1001110000,lon,-83.4833
1001110001,lon,-83.9
100111001,lat,39.2753
1001110010,lon,-82.1822
1001110011,lon,-82.0581
10011101,lon,-82.9433
100111010,lat,40.2411
1001110100,lon,-83.5097
1001110101,lon,-83.7747
100111011,lat,40.1
1001110110,lon,-82.0167
1001110111,lon,-82.1
1001111,lat,39.66
10011110,lon,-79.95
100111100,lat,39.2189
1001111000,lon,-80.55
1001111001,lon,-80.3522
100111101,lat,39.3333
1001111010,lon,-79.4167
1001111011,lon,-79.3667
10011111,lon,-79.9167
100111110,lat,40.2686
1001111100,lon,-80.7667
1001111101,lon,-80.6275
100111111,lat,40.1692
1001111110,lon,-79.5964
1001111111,lon,-79.4503
101,lat,17.3833
1010,lon,139.5356
10100,lat,-22.2562
101000,lon,117.3797
1010000,lat,-32.0486
10100000,lon,77.5
101000000,lat,-36.567
1010000000,lon,-62.167
1010000001,lon,-58.033
101000001,lat,-33.5719
1010000010,lon,115.6658
1010000011,lon,116.0594
10100001,lon,114.5778
101000010,lat,-27.55
1010000100,lon,17.6
1010000101,lon,29.1
101000011,lat,-30.8917
1010000110,lon,116.0506
1010000111,lon,115.5394
1010001,lat,-32.9869
10100010,lon,137.5328
101000100,lat,-33.8878
1010001000,lon,135.8511
1010001001,lon,121.8275
101000101,lat,-34.8533
1010001010,lon,138.6216
1010001011,lon,138.6222
10100011,lon,128.1092
101000110,lat,-30.8081
1010001100,lon,118.3956
1010001101,lon,120.0931
101000111,lat,-30.066
1010001110,lon,135.15
1010001111,lon,133.8683
101001,lon,80.8
1010010,lat,6.93
10100100,lon,18.117
101001000,lat,0.83
1010010000,lon,11.53
1010010001,lon,-3.93
101001001,lat,-17.817
1010010010,lon,30.867
1010010011,lon,32.217
10100101,lon,7.967
101001010,lat,11.43
1010010100,lon,-9.17
1010010101,lon,-3.0
101001011,lat,11.6
1010010110,lon,38.483
1010010111,lon,28.433
1010011,lat,-12.4227
10100110,lon,128.1
101001100,lat,-20.3139
1010011000,lon,117.1456
1010011001,lon,123.8217
101001101,lat,-16.2636
1010011010,lon,134.1833
1010011011,lon,131.2333
10100111,lon,102.833
101001110,lat,12.6
1010011100,lon,99.183
1010011101,lon,100.6167
101001111,lat,7.0333
1010011110,lon,130.6758
1010011111,lon,120.55
10101,lat,-33.535
101010,lon,146.55
1010100,lat,-37.583
10101000,lon,145.0333
101010000,lat,-38.0737
1010100000,lon,143.5127
1010100001,lon,144.1303
101010001,lat,-40.9972
1010100010,lon,146.0461
1010100011,lon,145.35
10101001,lon,143.5533
101010010,lat,-36.3347
1010100100,lon,141.2657
1010100101,lon,141.6486
101010011,lat,-36.3613
1010100110,lon,145.1859
1010100111,lon,144.9667
1010101,lat,-36.4335
10101010,lon,147.5033
101010100,lat,-41.8983
1010101000,lon,147.1444
1010101001,lon,147.1342
101010101,lat,-40.2028
1010101010,lon,148.2794
1010101011,lon,149.2336
10101011,lon,149.7
101010110,lat,-35.1667
1010101100,lon,148.35
1010101101,lon,147.7937
101010111,lat,-33.95
1010101110,lon,150.3768
1010101111,lon,150.9318
101011,lon,149.5242
1010110,lat,-23.5267
10101100,lon,147.1524
101011000,lat,-30.0362
1010110000,lon,144.3088
1010110001,lon,144.6
101011001,lat,-31.7055
1010110010,lon,148.2333
1010110011,lon,148.1223
10101101,lon,145.3106
101011010,lat,-18.1472
1010110100,lon,143.1167
1010110101,lon,143.0686
101011011,lat,-19.2483
1010110110,lon,147.4833
1010110111,lon,145.7833
1010111,lat,-28.3395
10101110,lon,151.45
101011100,lat,-31.5086
1010111000,lon,150.6792
1010111001,lon,150.5754
101011101,lat,-30.3442
1010111010,lon,151.7985
1010111011,lon,153.0297
10101111,lon,152.555
101011110,lat,-25.2361
1010111100,lon,151.6333
1010111101,lon,151.1247
101011111,lat,-26.3919
1010111110,lon,153.0389
1010111111,lon,158.2167
1011,lon,-66.6747
10110,lat,38.9833
101100,lon,-77.0333
1011000,lat,36.6
10110000,lon,-77.9667
101100000,lat,35.5333
1011000000,lon,-78.3458
1011000001,lon,-78.6108
101100001,lat,35.2975
1011000010,lon,-77.5722
1011000011,lon,-77.6
10110001,lon,-77.8167
101100010,lat,38.0111
1011000100,lon,-78.3011
1011000101,lon,-78.4167
101100011,lat,38.2875
1011000110,lon,-77.4042
1011000111,lon,-77.4333
1011001,lat,37.55
10110010,lon,-76.2108
101100100,lat,35.9167
1011001000,lon,-76.6606
1011001001,lon,-76.5542
101100101,lat,18.4981
1011001010,lon,-67.0722
1011001011,lon,-75.9872
10110011,lon,-76.1333
101100110,lat,38.6517
1011001100,lon,-76.6992
1011001101,lon,-76.85
101100111,lat,38.4667
1011001110,lon,-75.5833
1011001111,lon,-75.8
101101,lon,-76.0667
1011010,lat,39.65
10110100,lon,-77.3333
101101000,lat,39.4
1011010000,lon,-78.05
1011010001,lon,-77.9167
101101001,lat,39.2814
1011010010,lon,-76.9286
1011010011,lon,-76.6333
10110101,lon,-77.25
101101010,lat,40.0417
1011010100,lon,-77.9
1011010101,lon,-78.0753
101101011,lat,40.1139
1011010110,lon,-76.8028
1011010111,lon,-76.7
1011011,lat,40.1197
10110110,lon,-75.1833
101101100,lat,39.75
1011011000,lon,-75.6333
1011011001,lon,-75.55
101101101,lat,39.65
1011011010,lon,-74.8289
1011011011,lon,-74.9697
10110111,lon,-74.6694
101101110,lat,40.3667
1011011100,lon,-75.1333
1011011101,lon,-75.4
101101111,lat,40.6036
1011011110,lon,-74.4333
1011011111,lon,-74.1167
10111,lat,34.683
101110,lon,103.567
1011100,lat,23.467
10111000,lon,-64.9
101110000,lat,18.25
1011100000,lon,-66.1658
1011100001,lon,-66.0667
101110001,lat,19.533
1011100010,lon,73.85
1011100011,lon,72.633
10111001,lon,55.517
101110010,lat,29.2
1011100100,lon,-16.2553
1011100101,lon,34.7831
101110011,lat,29.25
1011101,lat,30.733
10111010,lon,114.05
101110100,lat,25.333
101110101,lat,26.2
10111011,lon,130.75
101110110,lat,32.732
101110111,lat,33.95
101111,lon,77.267
1011110,lat,38.433
10111100,lon,14.4831
101111000,lat,37.1367
101111001,lat,37.4
10111101,lon,4.2156
101111010,lat,39.8544
101111011,lat,39.6167
1011111,lat,36.6
10111110,lon,136.15
101111100,lat,35.27
101111101,lat,35.5
10111111,lon,117.533
101111110,lat,38.63
101111111,lat,37.9167
11,lon,-69.9
110,lat,43.4719
1100,lon,-79.27
11000,lat,42.05
110000,lon,-84.7667
1100000,lat,41.4931
11000000,lon,-87.9333
110000000,lat,41.1739
110000001,lat,41.0664
11000001,lon,-87.7667
110000010,lat,41.8
110000011,lat,41.7
1100001,lat,41.3214
11000010,lon,-82.2167
110000100,lat,41.0167
110000101,lat,41.0375
11000011,lon,-82.7167
110000110,lat,41.5725
110000111,lat,41.6281
110001,lon,-84.6333
1100010,lat,42.7981
11000100,lon,-88.2861
110001000,lat,42.4
110001001,lat,42.3842
11000101,lon,-88.5497
110001010,lat,43.1
110001011,lat,43.1
1100011,lat,42.93
11000110,lon,-82.85
110001100,lat,42.3264
110001101,lat,42.6
11000111,lon,-80.78
110001110,lat,43.0581
110001111,lat,43.18
11001,lat,42.15
110010,lon,-74.05
1100100,lat,41.3667
11001000,lon,-75.7278
110010000,lat,41.0167
110010001,lat,41.0089
11001001,lon,-76.8464
110010010,lat,41.8333
110010011,lat,41.7394
1100101,lat,41.5833
11001010,lon,-73.1167
110010100,lat,41.1247
110010101,lat,41.35
11001011,lon,-71.7667
110010110,lat,41.85
110010111,lat,41.8333
110011,lon,-73.8167
1100110,lat,42.8167
11001100,lon,-76.4667
110011000,lat,42.5333
110011001,lat,42.4667
11001101,lon,-77.0308
110011010,lat,43.1014
110011011,lat,43.0603
1100111,lat,42.6667
11001110,lon,-71.5117
110011100,lat,42.4167
110011101,lat,42.3833
11001111,lon,-72.2003
110011110,lat,42.9667
110011111,lat,43.0167
1101,lon,-78.65
11010,lat,45.0283
110100,lon,-84.3333
1101000,lat,44.2656
11010000,lon,-88.4533
110100000,lat,43.79
110100001,lat,43.8933
11010001,lon,-88.3786
110100010,lat,44.5114
110100011,lat,44.6392
1101001,lat,43.98
11010010,lon,-80.28
110100100,lat,43.72
110100101,lat,43.75
11010011,lon,-80.42
110100110,lat,44.45
110100111,lat,44.35
110101,lon,-85.5089
1101010,lat,46.3833
11010100,lon,-88.8833
110101000,lat,45.7081
110101001,lat,45.7181
11010101,lon,-88.5467
110101010,lat,48.23
110101011,lat,47.2375
1101011,lat,46.43
11010110,lon,-83.5644
110101100,lat,45.4133
110101101,lat,45.69
11010111,lon,-81.37
110101110,lat,48.47
110101111,lat,48.05
11011,lat,45.42
110110,lon,-73.4167
1101100,lat,44.53
11011000,lon,-76.1167
110110000,lat,44.22
110110001,lat,43.9761
11011001,lon,-75.05
110110010,lat,45.0
110110011,lat,45.05
1101101,lat,44.42
11011010,lon,-71.9156
110110100,lat,43.9522
110110101,lat,43.9806
11011011,lon,-71.93
110110110,lat,44.9381
110110111,lat,44.9833
110111,lon,-72.77
1101110,lat,46.03
11011100,lon,-74.2
110111000,lat,45.62
110111001,lat,45.63
11011101,lon,-75.2
110111010,lat,47.83
110111011,lat,46.67
1101111,lat,46.73
11011110,lon,-71.52
110111100,lat,46.18
110111101,lat,46.07
11011111,lon,-71.22
110111110,lat,48.3
110111111,lat,47.57
111,lat,50.8
1110,lon,8.41
11100,lat,46.23
111000,lon,-64.03
1110000,lat,45.1333
11100000,lon,-66.9
111000000,lat,44.5833
111000001,lat,44.65
11100001,lon,-66.61
111000010,lat,45.6503
111000011,lat,45.78
1110001,lat,43.5667
11100010,lon,-2.6544
111000100,lat,42.4306
111000101,lat,41.9858
11100011,lon,-62.02
111000110,lat,45.13
111000111,lat,45.63
111001,lon,-61.13
1110010,lat,47.85
11100100,lon,-66.42
111001000,lat,47.07
111001001,lat,46.67
11100101,lon,-67.1
111001010,lat,48.4
111001011,lat,48.9
1110011,lat,48.55
11100110,lon,-53.28
111001100,lat,47.43
111001101,lat,47.57
11100111,lon,-53.88
111001110,lat,49.2
111001111,lat,49.4333
11101,lat,46.267
111010,lon,46.117
1110100,lat,44.683
11101000,lon,26.0831
111010000,lat,43.75
111010001,lat,43.533
11101001,lon,19.85
111010010,lat,45.8
111010011,lat,45.183
1110101,lat,43.233
11101010,lon,112.9
111010100,lat,41.9
111010101,lat,42.317
11101011,lon,125.217
111010110,lat,44.4
111010111,lat,44.567
111011,lon,38.517
1110110,lat,48.367
11101100,lon,14.1331
111011000,lat,47.3989
111011001,lat,47.017
11101101,lon,13.9314
111011010,lat,49.75
111011011,lat,49.8
1110111,lat,48.95
11101110,lon,84.917
111011100,lat,47.2
111011101,lat,47.6
11101111,lon,100.167
111011110,lat,49.933
111011111,lat,50.05
1111,lon,46.033
11110,lat,57.9831
111100,lon,11.9333
1111000,lat,52.7017
11110000,lon,4.9789
111100000,lat,51.88
111100001,lat,51.6581
11110001,lon,6.5731
111100010,lat,53.317
111100011,lat,54.1667
1111001,lat,54.5
11110010,lon,27.633
111100100,lat,52.25
111100101,lat,52.25
11110011,lon,24.417
111100110,lat,55.6831
111100111,lat,56.2
111101,lon,15.5892
1111010,lat,61.8628
11110100,lon,8.1792
111101000,lat,59.3
111101001,lat,59.3867
11110101,lon,6.5392
111101010,lat,65.2667
111101011,lat,63.7003
1111011,lat,65.0072
11110110,lon,30.517
111101100,lat,59.517
111101101,lat,61.083
11110111,lon,27.8294
111101110,lat,69.2469
111101111,lat,68.0
11111,lat,56.833
111110,lon,96.967
1111100,lat,54.2
11111000,lon,68.1
111110000,lat,52.95
111110001,lat,52.867
11111001,lon,67.3
111110010,lat,55.7
111110011,lat,55.3
1111101,lat,53.15
11111010,lon,128.65
111110100,lat,51.867
111110101,lat,52.283
11111011,lon,118.717
111110111,lat,54.733
111111,lon,96.583
1111110,lat,62.433
11111100,lon,65.433
111111000,lat,58.567
111111001,lat,59.6
11111101,lon,66.05
111111010,lat,65.967
111111011,lat,67.433
1111111,lat,62.833
11111110,lon,129.717
111111100,lat,59.283
111111101,lat,59.917
11111111,lon,136.217
111111110,lat,67.55
111111111,lat,65.733
