AE000041196,25.333,55.517,83
AM000037874,39.767,45.333,0
AR000000001,-29.6,-58.15,0
ASN00002040,-18.0333,127.9833,0
ASN00005061,-20.7278,116.7483,48
ASN00005082,-21.0544,116.2575,0
ASN00007012,-26.1297,118.4853,0
ASN00007019,-24.0019,119.5725,0
ASN00007034,-27.7447,116.7442,0
ASN00007132,-25.0964,117.5922,0
ASN00007161,-25.4636,117.1361,28
ASN00008009,-30.6286,116.3861,0
ASN00008066,-30.7008,117.0608,0
ASN00008069,-29.3,116.1,0
ASN00008182,-28.8667,114.7333,0
ASN00008284,-30.835,116.1581,0
ASN00008305,-29.2778,114.9464,0
ASN00009015,-32.0892,116.125,0
ASN00009056,-31.9494,115.7928,0
ASN00009094,-31.95,115.9,0
ASN00009110,-30.0233,115.2375,0
ASN00009122,-31.4,115.7,0
ASN00009559,-34.9097,117.9942,0
ASN00009560,-34.2,115.1,0
ASN00009865,-34.3997,118.8867,0
ASN00009900,-34.8364,117.6914,0
ASN00009947,-34.1333,116.15,0
ASN00009961,-33.9306,120.1283,34
ASN00010105,-30.6297,117.3675,0
ASN00010214,-31.5,117.75,0
ASN00010305,-30.7261,118.4219,0
ASN00010623,-33.9431,117.8514,0
ASN00010742,-32.2167,117.6833,0
ASN00010837,-32.95,117.9167,0
ASN00010838,-34.1,119.1667,0
ASN00010875,-33.9036,117.175,0
ASN00011019,-32.2464,126.3008,58
ASN00012051,-29.8272,121.9158,0
ASN00012070,-32.9803,121.6433,0
ASN00012107,-33.4225,121.9894,0
ASN00012171,-29.0,120.0,0
ASN00012172,-29.9833,122.0667,0
ASN00013017,-25.0341,128.301,112
ASN00014002,-12.45,130.9667,0
ASN00014174,-13.0167,130.95,0
ASN00014178,-13.3,132.3028,0
ASN00014245,-11.3081,131.7651,14
ASN00014254,-12.2435,131.8785,0
ASN00014263,-12.5858,131.7609,0
ASN00014280,-12.4142,130.8586,0
ASN00014400,-12.0482,134.2263,79
ASN00014407,-12.3567,134.8976,0
ASN00014818,-16.6317,131.8333,0
ASN00014829,-18.3325,130.6358,38
ASN00014865,-16.9818,130.5599,0
ASN00014937,-14.45,132.2667,0
ASN00015087,-19.6475,134.1896,122
ASN00015564,-23.8757,133.4704,0
ASN00015607,-22.1305,132.0812,0
ASN00015623,-23.6938,134.0354,0
ASN00015650,-23.2308,132.6259,0
ASN00016086,-31.7646,135.6494,0
ASN00017098,-31.1881,138.2785,0
ASN00018096,-33.6824,136.6831,0
ASN00018209,-33.8189,135.4857,0
ASN00019027,-32.8,139.2333,0
ASN00019043,-32.9495,138.5174,0
ASN00019095,-32.4654,138.7579,0
ASN00019096,-32.3461,138.0397,0
ASN00019101,-32.0464,138.9092,0
ASN00020049,-31.6382,140.513,0
ASN00021020,-33.359,138.393,40
ASN00021061,-33.8986,138.8886,0
ASN00021072,-33.3265,138.3172,0
ASN00021075,-33.7464,138.6058,0
ASN00021125,-33.8733,138.6308,0
ASN00022045,-34.5763,137.877,0
ASN00022052,-34.696,137.5745,0
ASN00023008,-34.9167,138.6833,0
ASN00023780,-34.8333,139.05,0
ASN00023840,-35.2333,138.5167,0
ASN00023872,-35.2111,138.5325,0
ASN00023883,-34.9833,138.7317,0
ASN00024037,-34.1903,140.7619,0
ASN00024047,-34.3814,140.2822,0
ASN00025001,-34.6667,140.2833,0
ASN00025006,-35.09,139.8972,21
ASN00025016,-34.7833,140.0833,0
ASN00025017,-34.9413,140.1307,0
ASN00025040,-34.8941,139.6768,0
ASN00026004,-36.9706,139.71,0
ASN00026036,-37.4886,140.8269,38
ASN00026099,-36.9813,140.727,28
ASN00029018,-20.05,142.3167,0
ASN00029023,-18.8692,141.2069,0
ASN00029027,-19.36,140.0414,0
ASN00029034,-21.2719,141.2892,0
ASN00030004,-21.0167,143.4,0
ASN00030040,-20.5236,145.3989,0
ASN00030047,-20.0356,142.4914,0
ASN00030078,-20.5525,144.0367,0
ASN00031012,-16.0969,145.4575,0
ASN00031096,-17.6167,145.5,0
ASN00031130,-17.4383,145.7197,0
ASN00031172,-16.8181,145.6264,0
ASN00033022,-21.4,148.9167,0
ASN00033046,-21.15,149.1833,120
ASN00033074,-19.6,146.8333,0
ASN00033109,-20.9,148.8,0
ASN00033118,-19.85,146.65,0
ASN00033127,-20.4275,148.4475,0
ASN00033146,-21.4447,148.5306,0
ASN00033151,-19.5953,146.9342,0
ASN00033216,-21.5167,149.1167,0
ASN00035123,-25.9383,149.4183,0
ASN00035204,-24.0606,148.8208,0
ASN00035206,-24.455,148.9597,0
ASN00035217,-24.3981,148.1181,0
ASN00035287,-23.4583,149.195,0
ASN00036134,-24.3972,145.0694,0
ASN00037103,-22.8156,140.11,0
ASN00038023,-25.8417,141.9189,0
ASN00038030,-24.155,141.0983,0
ASN00038048,-24.3353,139.2775,0
ASN00038056,-25.6653,142.1086,0
ASN00039067,-23.5798,150.4044,0
ASN00039068,-23.8104,150.9783,0
ASN00039091,-24.4053,151.3233,0
ASN00039100,-24.5536,152.0128,0
ASN00039120,-23.65,150.65,0
ASN00040042,-28.0142,153.1664,0
ASN00040065,-26.65,153.0333,0
ASN00040090,-26.1819,152.0686,0
ASN00040122,-26.4289,152.3292,0
ASN00040161,-26.1,152.65,0
ASN00040206,-26.325,152.7869,0
ASN00040359,-27.4833,153.0167,0
ASN00040403,-27.3878,152.3492,0
ASN00040414,-26.2167,152.5,0
ASN00040421,-27.4636,151.99,0
ASN00040442,-26.0664,152.5825,0
ASN00040654,-28.25,152.9833,0
ASN00040672,-27.5486,152.0236,0
ASN00040704,-27.6833,153.1,0
ASN00040778,-26.3583,152.6283,0
ASN00040866,-28.2608,153.0917,0
ASN00040905,-25.2928,152.4097,0
ASN00041026,-28.0167,151.8,0
ASN00041039,-27.5,151.9,0
ASN00041082,-27.7156,151.6333,22
ASN00041092,-26.4489,150.8925,0
ASN00041127,-27.8308,151.0886,0
ASN00041157,-27.6833,151.95,0
ASN00041185,-28.15,152.1167,0
ASN00041261,-27.1156,150.765,0
ASN00041469,-27.0289,151.0947,0
ASN00041547,-28.9236,151.9289,0
ASN00042008,-28.6167,148.9833,0
ASN00042009,-26.6408,149.9831,0
ASN00043003,-26.4,148.6,0
ASN00043023,-26.8025,148.41,0
ASN00044013,-26.3833,145.2167,0
ASN00044162,-28.85,144.0667,0
ASN00044190,-25.4697,146.8431,0
ASN00044216,-28.3178,148.5106,0
ASN00047046,-33.2552,141.7984,0
ASN00048028,-30.25,146.7,0
ASN00048042,-29.7534,145.4269,0
ASN00048059,-31.605,146.0583,0
ASN00048064,-30.6413,147.0855,0
ASN00048066,-31.5333,145.6,0
ASN00048099,-29.0167,147.45,0
ASN00048104,-29.3,147.4,0
ASN00048113,-29.5833,145.6333,0
ASN00048147,-31.1,144.4,0
ASN00049017,-34.3,143.9,0
ASN00049023,-34.4523,142.9109,0
ASN00049122,-34.5167,142.8833,0
ASN00050010,-33.5159,147.2541,0
ASN00050024,-32.25,147.1167,0
ASN00050037,-32.6309,147.5659,38
ASN00051011,-30.45,148.2,0
ASN00051055,-30.3833,147.9667,0
ASN00051107,-31.7667,147.6,0
ASN00051112,-30.15,147.7667,0
ASN00051138,-31.9833,148.5833,0
ASN00052061,-29.4667,149.0333,0
ASN00052070,-29.0833,149.2667,0
ASN00053034,-30.1187,149.3232,0
ASN00053098,-30.4483,149.6683,0
ASN00053103,-30.4532,149.6714,0
ASN00054004,-29.8673,150.5715,22
ASN00054041,-29.25,151.05,0
ASN00054042,-29.3333,150.8667,0
ASN00054122,-29.3446,150.5769,0
ASN00054158,-29.7833,150.9667,0
ASN00055134,-30.95,151.05,0
ASN00055298,-31.3984,151.1527,0
ASN00056047,-28.9333,151.7,0
ASN00056131,-29.7933,151.765,0
ASN00057092,-30.3667,151.9667,0
ASN00057095,-28.7551,152.4507,84
ASN00058137,-28.2562,153.5778,0
ASN00058149,-29.4053,153.3526,0
ASN00058210,-28.5041,153.3347,0
ASN00058218,-29.6297,152.8636,0
ASN00059024,-30.6437,152.9998,0
ASN00060023,-31.8714,152.6827,22
ASN00060123,-32.6526,152.1462,0
ASN00061003,-33.4667,151.4333,0
ASN00061030,-32.8667,150.8333,0
ASN00061096,-32.5997,151.618,0
ASN00061174,-32.9,151.2667,0
ASN00061318,-33.5008,151.3092,0
ASN00061386,-33.2903,151.4242,0
ASN00062055,-32.95,150.05,0
ASN00062057,-31.7412,149.8998,0
ASN00062103,-32.8148,149.0408,0
ASN00063107,-33.5667,149.9333,0
ASN00063118,-33.5156,150.4892,0
ASN00063139,-33.4667,150.25,0
ASN00063183,-33.7114,150.598,0
ASN00063197,-33.3,149.1,0
ASN00064014,-31.6,149.2,0
ASN00065030,-32.5192,148.5187,0
ASN00065057,-33.6,147.6,0
ASN00065070,-32.2206,148.5753,40
ASN00065071,-32.3333,148.9333,0
ASN00066039,-33.8,151.2,0
ASN00066099,-33.8,151.2667,0
ASN00066159,-33.6939,151.0925,0
ASN00067011,-33.8167,151.0167,0
ASN00067059,-33.7694,150.8856,0
ASN00067089,-33.7459,151.0402,4
ASN00068019,-34.4333,150.7833,0
ASN00068023,-34.4708,150.7736,0
ASN00068037,-34.05,150.7667,0
ASN00068142,-34.3167,150.7333,0
ASN00068166,-34.2424,150.522,0
ASN00068185,-34.6167,150.5333,0
ASN00070060,-35.1559,149.7725,0
ASN00070067,-36.5112,149.2794,19
ASN00070087,-34.4,148.9,0
ASN00070171,-34.394,148.9943,0
ASN00070222,-35.55,149.25,0
ASN00072009,-35.8,147.9333,6
ASN00072093,-36.0167,147.15,0
ASN00072103,-35.8445,148.2106,0
ASN00073003,-34.5,148.1,0
ASN00073023,-34.6033,148.7869,0
ASN00073052,-34.4167,148.2333,0
ASN00073059,-33.85,147.5,0
ASN00073106,-35.0,148.4,0
ASN00073110,-33.9462,148.0775,0
ASN00073129,-34.1567,148.6857,0
ASN00074070,-35.8,144.9,0
ASN00074222,-34.4,147.3167,0
ASN00074264,-35.4091,147.2479,0
ASN00075022,-33.5739,145.9167,0
ASN00075037,-33.65,146.6833,0
ASN00075141,-33.7667,145.5167,0
ASN00076030,-34.3846,141.758,0
ASN00076127,-34.9,142.8,0
ASN00077065,-35.7,143.5,0
ASN00077070,-35.4,143.5,0
ASN00078001,-36.1011,140.995,0
ASN00078006,-36.0667,143.3167,0
ASN00078058,-36.3667,141.9833,0
ASN00079031,-36.9865,143.2727,0
ASN00079063,-36.7,142.0,0
ASN00079085,-36.8667,143.2167,0
ASN00080067,-36.2717,143.3453,0
ASN00080098,-36.2983,144.1393,0
ASN00080115,-35.9333,144.3,0
ASN00082011,-36.2003,147.8956,68
ASN00082043,-36.7872,145.8225,0
ASN00082066,-36.2,147.9,12
ASN00082073,-36.55,145.95,0
ASN00082093,-36.4658,146.2217,0
ASN00082142,-36.9461,146.2197,0
ASN00083020,-37.05,146.0833,0
ASN00083031,-36.7513,146.4156,0
ASN00084058,-37.3,149.3,0
ASN00084082,-37.8167,147.6167,0
ASN00084091,-37.65,147.5333,0
ASN00084101,-37.4333,147.15,0
ASN00085025,-38.1833,147.2,0
ASN00085035,-37.8833,146.75,0
ASN00085153,-37.9,146.0,22
ASN00085185,-38.5333,146.1,0
ASN00085189,-38.4167,146.8167,0
ASN00085225,-38.55,146.1833,0
ASN00085239,-38.0,146.4,0
ASN00085294,-38.7714,146.05,0
ASN00086027,-37.7903,145.2812,0
ASN00086039,-37.7915,144.9067,0
ASN00086089,-37.85,145.3,0
ASN00086143,-37.9289,145.4272,0
ASN00086284,-37.9333,145.25,0
ASN00086296,-37.95,145.0,0
ASN00086347,-37.7417,145.2167,0
ASN00087053,-38.1227,144.642,0
ASN00088121,-37.1425,144.9264,0
ASN00088142,-37.2,145.3333,0
ASN00089041,-38.1167,144.05,0
ASN00089052,-37.6,143.2,0
ASN00090001,-38.7481,143.6635,0
ASN00090092,-37.8408,140.9717,22
ASN00090097,-37.8031,141.6775,0
ASN00090109,-37.3,141.4,0
ASN00091088,-41.3303,147.355,0
ASN00091097,-41.1833,145.6167,0
ASN00091115,-40.7,144.9667,0
ASN00091124,-40.5278,144.7469,0
ASN00091134,-41.2,146.1,0
ASN00091171,-41.2708,146.5481,0
ASN00091174,-41.1,147.8333,0
ASN00091208,-40.9147,144.8681,0
ASN00091239,-41.4039,146.9258,0
ASN00091263,-41.4889,147.2326,0
ASN00091273,-41.2281,146.1069,0
ASN00091311,-41.5492,147.2144,16
ASN00091312,-41.4406,146.1228,0
ASN00092012,-41.6428,147.9664,54
ASN00092017,-42.7856,147.8086,0
ASN00092115,-40.9933,148.3467,2
ASN00094023,-43.0906,147.0061,0
ASN00094085,-43.0914,147.2019,0
ASN00094198,-43.4886,147.1444,32
ASN00094221,-42.8514,147.6211,0
ASN00096069,-42.1289,146.2156,0
ASN00098025,-39.615,143.9672,0
AY000089611,-66.283,110.517,88
AYW00057801,-75.9167,-83.9167,6
AYW00067601,-78.2,-162.25,6
BOM00026566,55.833,29.983,2
BR000165000,-1.82,-65.35,0
BR000352004,-3.92,-52.88,0
BR000438022,-4.5,-38.36,0
BR000538043,-5.9,-38.63,0
BR000555000,-5.18,-56.06,0
BR000560002,-5.59,-60.37,0
BR000737023,-7.74,-37.65,0
BR000936113,-9.15,-36.04,0
BR000939017,-9.12,-39.94,0
BR001150000,-11.92,-50.67,0
BR001241025,-12.5,-41.57,0
BR001261000,-12.49,-61.05,0
BR001339020,-13.57,-39.0,0
BR001346000,-13.4,-46.32,0
BR001443001,-14.76,-43.93,0
BR001456000,-14.57,-56.55,0
BR001555001,-15.47,-55.73,0
BR001649001,-16.91,-49.45,0
BR001649012,-16.66,-49.49,0
BR001755004,-17.17,-55.98,0
BR001843001,-18.6,-43.38,0
BR001848048,-18.15,-48.57,0
BR001849006,-18.77,-49.07,0
BR001849012,-18.02,-49.37,0
BR001940013,-19.24,-40.59,0
BR001945019,-19.47,-45.6,0
BR002040003,-20.19,-40.32,0
BR002041018,-20.37,-41.41,0
BR002042012,-20.4,-42.9,0
BR002043010,-20.69,-43.3,0
BR002044016,-20.17,-44.51,0
BR002044021,-20.11,-44.4,0
BR002045006,-20.48,-45.12,0
BR002045012,-20.46,-45.94,0
BR002046013,-20.33,-46.37,0
BR002052003,-20.02,-52.83,0
BR002055004,-20.07,-55.64,0
BR002145001,-21.89,-45.08,0
BR002242005,-22.39,-42.5,0
BR002243250,-22.9,-43.87,0
BR002345076,-23.63,-45.96,0
BR002351063,-23.9,-51.22,0
BR002355002,-23.65,-55.39,0
BR002453001,-24.52,-53.17,0
BR002648027,-26.04,-48.85,0
BR002649065,-26.57,-49.49,0
BR002653009,-26.07,-53.73,0
BR002748023,-27.72,-48.5,0
BR002751015,-27.68,-51.46,0
BR002950062,-29.9,-50.63,0
BR002951024,-29.82,-51.38,0
BR008361000,3.66,-61.38,0
BR00B7-0500,-20.95,-50.1,0
BR00C4-0700,-21.85,-47.32,0
BR00C5-0470,-21.85,-48.65,0
BR00C5-0820,-21.7,-49.0,0
BR00C6-0220,-21.67,-49.43,0
BR00C7-0100,-21.43,-50.07,0
BR00C8-0100,-21.83,-51.98,0
BR00C9-0070,-21.92,-52.18,0
BR00D1-0030,-22.65,-44.58,0
BR00D4-0270,-22.3,-47.45,0
BR00D5-0040,-22.52,-48.65,0
BR00D5-0330,-22.43,-48.17,0
BR00D5-0640,-22.13,-48.52,0
BR00D6-0410,-22.7,-49.43,0
BR00D6-0880,-22.12,-49.2,0
BR00D7-0320,-22.15,-50.08,0
BR00D8-0160,-22.52,-51.63,0
BR00E3-1540,-23.0,-46.72,0
BR00E4-0150,-23.08,-47.22,0
BR00E4-0190,-23.33,-47.68,0
BR00E4-1160,-23.95,-47.22,0
BR00E4-1330,-23.93,-47.72,0
BR00E5-0300,-23.52,-48.55,0
BR00E6-0080,-23.7,-49.48,0
BR00E6-0170,-23.38,-49.52,0
BR00E6-0230,-23.1,-49.72,0
BR027787940,-3.85,-40.53,0
BR027899990,-4.48,-40.02,0
BR037335990,-6.78,-43.02,0
BR038317590,-6.88,-39.22,0
BR038509170,-7.95,-39.92,0
BR038513990,-7.68,-39.02,0
BR038658570,-8.4,-37.22,0
BR038709230,-8.98,-39.9,0
BR038889320,-9.47,-35.85,0
BR046396720,-11.82,-45.15,0
BR047097860,-10.37,-40.09,0
BR047231730,-11.083,-43.167,0
BR047513470,-12.66,-44.28,0
BR047754950,-13.71,-42.02,0
BR047927180,-14.87,-43.92,0
BR048245740,-11.25,-37.63,0
BR048816360,-14.33,-39.33,0
BR048903920,-14.67,-39.55,0
BR056178920,-15.9,-46.05,0
BR057180160,-15.53,-40.93,0
BR057234460,-16.23,-43.28,0
BR057407150,-17.37,-44.93,0
CA001016990,48.85,-123.5,134
CA001021262,50.07,-125.32,28
CA001046795,49.43,-123.62,10
CA001064227,50.95,-126.2,22
CA001098D90,54.03,-124.02,64
CA001106180,49.28,-122.62,104
CA001124112,49.22,-119.82,44
CA001124260,49.67,-119.95,0
CA001141455,49.3,-117.633,94
CA001152653,50.02,-114.92,32
CA001160900,52.15,-119.28,78
CA001166659,50.9,-120.77,10
CA001167980,50.75,-119.33,94
CA001171105,50.75,-116.7,50
CA001193245,59.3,-129.28,24
CA002100200,60.18,-134.7,123
CA002100402,64.05,-139.133,74
CA002201998,61.17,-113.67,48
CA002203918,69.2,-122.36,16
CA002204000,63.2,-123.433,117
CA002402900,63.117,-77.933,80
CA003010800,53.02,-115.42,0
CA003015550,53.3,-113.3,0
CA00301B460,51.667,-110.2,34
CA003036640,50.72,-114.35,50
CA003050490,52.55,-116.12,0
CA003050731,49.88,-114.25,22
CA003052838,51.0,-115.5,2
CA003053908,51.9,-115.38,0
CA003055883,50.65,-114.65,23
CA00305PE6R,49.55,-114.5,4
CA003060110,56.12,-111.78,0
CA003060523,54.73,-113.53,0
CA003063686,54.77,-112.02,18
CA003064515,55.55,-114.18,0
CA00306BGCQ,54.55,-115.3,1
CA003072160,54.78,-118.23,0
CA00307KPFP,58.7,-113.88,18
CA004012200,50.87,-105.17,0
CA004015159,49.38,-103.3,40
CA004017320,51.42,-104.73,132
CA00401I010,50.383,-102.683,51
CA004035480,49.2,-109.52,134
CA004047238,52.38,-109.4,82
CA004058420,52.02,-107.03,16
CA005010977,50.42,-101.23,12
CA005013120,49.03,-100.75,98
CA005022945,49.08,-99.93,0
CA005023283,49.9,-97.06,0
CA005041686,51.32,-99.48,28
CA005062926,55.75,-97.87,46
CA006025203,48.77,-92.62,180
CA006040020,49.35,-89.37,22
CA006080577,46.98,-80.08,80
CA006101872,45.02,-74.73,36
CA006110216,44.15,-79.85,14
CA006110458,45.0,-79.5,36
CA006111769,44.63,-79.53,82
CA006115810,44.62,-79.4,118
CA006127513,42.97,-82.37,24
CA006143069,43.55,-80.22,40
CA006144665,43.18,-81.42,84
CA006148122,42.98,-81.64,18
CA006150790,44.1,-78.83,18
CA006153935,44.65,-77.12,18
CA006154950,43.87,-79.48,12
CA006156682,44.15,-78.98,32
CA006158050,44.316,-77.633,56
CA006164430,44.35,-78.75,182
CA00616C3P9,44.28,-78.0,16
CA007018564,46.37,-72.6,104
CA00701S001,46.79,-71.38,18
CA007022596,45.83,-71.38,56
CA007024080,45.4,-71.25,64
CA007028290,45.12,-72.62,24
CA007032370,46.7,-75.45,56
CA007038880,45.92,-76.92,2
CA007047912,50.22,-66.25,2
CA00704CBGH,47.38,-70.38,62
CA007055104,47.57,-69.38,26
CA007056970,48.33,-68.05,60
CA007057692,48.68,-67.38,36
CA007062368,48.2,-70.83,52
CA007063690,48.42,-71.75,108
CA007067060,48.63,-71.72,70
CA007091400,49.92,-74.37,60
CA007098600,48.05,-77.783,93
CA007103282,58.467,-78.083,134
CA008101200,46.55,-66.15,111
CA008102151,46.5,-65.27,44
CA008203423,46.33,-61.1,56
CA008204600,43.78,-65.35,80
CA008205120,45.13,-64.5,50
CA008205895,45.61,-61.68,18
CA008300500,46.5,-63.55,64
CA008400QJK,47.58,-53.32,40
CA008401257,47.8,-54.0,42
CA008402069,49.53,-56.87,22
CA008403506,47.617,-52.75,140
CA008403623,47.1,-55.2,36
CA008502591,52.3,-55.833,34
CF000064459,1.617,18.067,11
CH000050745,47.383,123.917,122
CH000057006,34.583,105.75,104
CH000057494,30.6,114.05,112
EIE00107808,54.5,-8.1789,78
EN000026249,57.8458,27.0192,168
GG000037525,41.7,43.4,0
GG000037542,41.7,44.9,0
GME00102185,55.0125,8.4125,146
GME00102252,52.1031,11.5842,132
GME00120922,53.8631,8.1275,28
GMW00034169,48.0833,10.9167,2
GRE00105246,38.3167,23.5331,94
GV000001847,8.53,-9.42,28
ID000097690,-2.567,140.483,28
IN001060700,16.65,81.75,0
IN001062100,16.63,81.53,0
IN001070800,15.92,80.67,0
IN001080800,17.4,78.22,0
IN001090201,18.38,78.82,0
IN001090300,18.22,79.42,0
IN001110200,16.43,80.98,0
IN001171800,18.68,77.95,0
IN001180202,15.82,80.27,0
IN001190800,18.3,83.57,0
IN003020700,26.83,93.35,0
IN003030700,26.03,90.3,0
IN003080400,26.8,94.53,0
IN003080601,26.517,93.983,0
IN004010400,25.27,87.23,0
IN004021600,26.98,84.4,0
IN004033600,25.85,85.68,0
IN004062300,24.3,86.37,0
IN004081900,25.87,85.2,0
IN004100300,25.63,85.05,0
IN004120400,23.367,85.333,0
IN004121000,23.2,85.72,0
IN005010400,23.28,71.92,0
IN005011400,22.25,72.18,0
IN005042000,22.05,73.72,0
IN005042400,22.28,73.77,0
IN005050500,21.52,71.83,0
IN005090501,22.57,70.42,0
IN005110700,22.82,72.93,0
IN006062200,28.05,76.12,0
IN006080100,29.13,76.7,0
IN007030200,32.13,76.53,0
IN007031000,32.267,76.383,0
IN008010800,33.78,75.02,0
IN009050101,17.17,75.97,0
IN009081801,12.13,76.17,0
IN009120601,14.62,74.83,0
IN009162701,11.92,76.2,0
IN009165400,12.12,76.12,0
IN010011500,9.25,76.53,0
IN010032000,10.05,76.78,0
IN010050601,11.55,76.03,0
IN011011101,21.78,80.83,0
IN011050900,26.42,78.45,0
IN011250700,22.2,75.58,0
IN011290800,21.35,82.0,0
IN011291100,21.63,81.7,0
IN012030700,20.933,77.783,0
IN012050401,21.42,80.1,0
IN012081000,20.72,76.57,0
IN012240200,19.35,72.8,0
IN013010100,24.85,93.97,0
IN017020900,20.43,83.35,0
IN017060500,19.267,84.883,2
IN018101700,30.38,76.15,0
IN018140200,30.53,75.58,0
IN019020800,27.57,76.6,0
IN019221100,26.28,76.75,0
IN019241301,24.63,72.53,0
IN019260100,24.583,73.7,4
IN020021800,11.733,78.967,0
IN020032300,11.48,77.3,0
IN020032400,11.0,76.967,0
IN020131500,10.18,78.87,0
IN020133600,10.9,78.55,0
IN023050800,26.15,83.33,0
IN023050900,26.03,83.38,0
IN023161100,30.3,78.08,0
IN023171400,26.3,83.92,0
IN023190100,26.78,79.02,0
IN023210800,27.37,79.63,0
IN023230800,29.75,78.53,0
IN023271400,25.32,79.92,0
IN023301000,25.7,82.42,0
IN023370700,27.78,77.43,0
IN023451400,25.92,82.2,0
IN023490100,28.07,80.1,0
IN023552400,25.0,83.0,0
IN024031200,23.2,88.35,0
IN024050400,26.88,88.28,0
IN024062401,22.88,87.78,0
IN024062500,22.72,87.83,0
IR000407660,34.267,47.117,118
JAW00042501,24.2833,153.9667,4
JAW00043317,33.6667,131.0333,12
KG000038345,42.517,72.217,54
KZ000028873,53.833,69.783,4
KZ000028954,52.9,63.2,0
KZ000035376,49.883,69.517,59
KZ000036012,52.4,78.2,0
KZ000036513,48.8,80.9,0
KZ000038099,44.283,72.95,2
KZ000038200,43.7,69.7,0
LG000026238,57.9,25.383,15
LU000006590,49.63,6.21,132
MOW00013020,34.2333,-6.0667,22
MX000021043,19.92,-97.6,86
MX000021083,18.5,-97.417,76
MX000026049,28.97,-108.72,64
NLE00101906,53.3367,6.2969,0
NLE00101953,52.4406,5.8292,0
NLE00102055,51.5358,4.2192,0
NLE00102081,51.3556,6.1908,0
NLE00109158,52.1883,4.4108,0
NLE00109362,51.5333,3.7406,0
NOE00105505,69.5794,23.5342,16
NOE00109640,58.11,6.5681,118
NOE00109993,62.5967,10.2714,0
NOE00110788,61.4203,6.3756,0
NOE00110824,61.1092,8.0358,0
NOE00133138,71.0106,25.9781,20
NOE00133690,63.1092,7.8156,18
NOE00134658,63.2381,10.4353,0
NOE00134946,58.1506,8.0528,0
PK008020200,35.37,74.87,0
RMC00914165,11.35,162.35,41
ROE00108893,44.23,23.87,98
RQC00661345,18.4725,-67.1156,0
RQC00664211,18.0,-66.8667,0
RQC00664685,18.1833,-66.9,0
RQC00666343,18.2972,-65.29,4
RQC00666361,18.4736,-67.0289,0
RQC00666725,18.3169,-65.8664,4
RQC00669829,18.0628,-65.8733,48
RSM00022648,63.117,39.233,6
RSM00024507,64.266,100.233,161
RSM00024959,62.017,129.717,212
RSM00027776,54.483,46.7,2
RSM00028009,59.35,52.25,108
RSM00028409,56.433,52.2,0
RSM00028449,56.433,61.867,0
RSM00028698,55.017,73.383,182
RSM00029956,52.8,89.917,78
RSM00030424,55.4,105.5,0
RSM00031394,52.583,131.133,1
RSM00031532,50.867,132.25,154
RSM00031702,49.0,131.083,90
RSM00032121,47.983,142.2,137
RSM00034655,47.633,43.15,67
RSM00035127,51.017,55.633,102
RSM00024661,64.0,130.3,146
RSM00030437,55.15,107.617,132
SF000372820,-33.7,26.67,0
SF000464570,-33.12,21.27,0
SF000570480,-33.283,26.5,24
SF000624440,-32.92,18.77,0
SF000688570,-32.78,21.98,0
SF000694830,-32.55,22.28,0
SF000801430,-32.88,27.58,0
SF000966800,-32.33,24.88,0
SF001103850,-31.92,20.23,0
SF001235120,-31.53,26.8,0
SF002004660,-30.27,25.27,0
SF002621290,-29.17,26.58,0
SF007212570,-23.28,29.13,0
SF007665090,-22.98,30.28,0
SPE00120008,39.9892,0.0406,72
SPE00120278,40.4667,-3.5556,102
SZ000008440,46.25,6.1331,112
TH000048331,18.767,100.767,65
TI000038835,38.567,68.333,0
TI000038846,38.4,69.9,0
TI000038867,38.283,71.333,0
TX000038507,40.05,53.0,145
TX000038641,39.683,55.567,3
TX000038972,37.0,60.8,0
UKW00015040,51.3833,-1.2833,18
UPM00033049,52.183,32.583,45
UPM00033633,48.5,23.5,13
UPM00033848,46.633,31.55,18
UPM00033994,44.6,33.4,14
UPM00034422,49.283,38.917,27
UPM00034537,48.083,39.5,19
US10clay013,40.4615,-98.0694,0
US10cust001,41.1325,-99.7503,0
US10daws011,40.9238,-99.4457,0
US10gage013,40.2911,-96.5367,0
US10john002,40.4644,-96.2337,0
US10john010,40.3726,-96.1795,0
US10lanc019,40.7845,-96.6156,0
US10linc049,40.7887,-100.67,0
US10loup006,41.8713,-99.6604,0
US10nuck019,40.1986,-98.134,0
US10otoe015,40.7376,-96.295,0
US10pawn006,40.109,-96.0861,0
US10pawn007,40.0587,-96.0903,0
US10scot011,41.9182,-104.0372,0
US10shem011,41.2538,-98.7986,0
US10vall008,41.4757,-98.8823,0
US1AKAB0004,61.1094,-149.7701,0
US1AKVC0005,61.0958,-146.1967,0
US1ALBW0023,30.3908,-87.6167,0
US1ALBW0049,30.5403,-87.902,0
US1ALBW0057,30.6214,-87.8684,0
US1ALCE0001,34.4811,-85.5221,0
US1ALMS0027,34.2747,-86.2369,0
US1ALSH0041,33.179,-86.782,0
US1ALTG0007,33.4094,-86.0921,0
US1ARCG0002,35.8868,-90.7089,0
US1ARFK0011,35.0489,-92.4415,0
US1ARST0013,35.8258,-91.9405,0
US1AZCH0036,31.5104,-110.2631,0
US1AZCN0019,35.1926,-111.5874,0
US1AZMR0094,33.5933,-112.1915,0
US1AZMR0108,33.5705,-111.8225,0
US1AZMR0338,33.2108,-111.7424,0
US1AZNV0007,34.1109,-109.9003,0
US1AZPM0002,32.1883,-110.8442,0
US1AZPM0009,31.959,-110.4784,0
US1AZPM0107,32.3427,-111.2041,0
US1AZPM0191,32.3686,-111.0714,0
US1AZYV0030,34.7973,-111.9,0
US1CABT0005,39.4932,-121.477,0
US1CACC0013,37.9884,-121.7477,0
US1CAKN0009,34.8353,-119.1631,0
US1CALA0009,34.1543,-118.42,0
US1CALK0003,39.1068,-122.909,0
US1CALK0006,38.706,-122.6031,0
US1CAMD0001,39.2206,-123.3312,0
US1CANP0005,38.3128,-122.3312,0
US1CARV0004,33.9855,-116.5415,0
US1CASB0004,34.45,-119.7,0
US1CASN0015,38.6116,-122.6575,0
US1CASZ0001,36.9764,-122.0514,0
US1CHARM004,34.6014,-86.5397,0
US1COAD0150,39.8704,-104.9705,0
US1COAM0007,37.4997,-105.8044,0
US1COAR0120,39.6758,-104.4887,0
US1COAR0135,39.7296,-104.7935,0
US1COAR0225,39.5744,-104.7122,0
US1COBN0021,38.1142,-102.7623,0
US1COBO0020,39.9898,-105.1012,0
US1COBO0023,39.9951,-105.1035,0
US1COBO0049,39.9854,-105.2461,0
US1COBO0173,40.1467,-105.1548,0
US1COBO0219,40.1885,-105.3864,0
US1COBO0224,40.0139,-105.17,0
US1COCH0009,38.7645,-102.7863,0
US1COCR0002,38.1327,-103.8616,0
US1COCU0003,38.1322,-105.4421,0
US1COCU0005,37.999,-105.356,0
US1CODL0015,38.7298,-107.9702,0
US1CODL0025,38.8421,-107.5748,0
US1COEL0002,39.3782,-103.8134,0
US1COEL0036,39.2883,-104.4521,0
US1COEP0069,39.0503,-104.7704,0
US1COEP0121,38.9501,-104.6038,0
US1COEP0143,38.8311,-104.9256,0
US1COEP0195,38.9749,-104.5992,0
US1COJF0044,39.7073,-105.1326,0
US1COJF0086,39.6937,-105.3171,0
US1COJF0326,39.6837,-105.1222,0
US1COLG0001,40.8642,-102.8747,0
US1COLN0037,39.2688,-103.6945,0
US1COLR0104,40.4407,-105.0619,0
US1COLR0183,40.7022,-105.7106,0
US1COLR0274,40.4937,-105.0839,0
US1COLR0298,40.478,-105.071,0
US1COLR0300,40.6108,-105.0393,0
US1COLR0311,40.5999,-105.1175,0
US1COLR0335,40.5141,-105.0722,0
US1COLR0416,40.5383,-105.1233,0
US1COLR0427,40.5661,-105.0408,0
US1COLR0446,40.47,-105.3356,0
US1COLR0501,40.4262,-105.1162,0
US1COLR0560,40.4113,-105.0433,0
US1COLR0884,40.5537,-105.0721,0
US1COLR0907,40.7488,-105.4317,0
US1COLR0929,40.5556,-105.1221,0
US1COMR0004,40.331,-103.6132,0
US1COMZ0032,37.3874,-108.7556,0
US1COPH0020,40.6025,-102.5327,0
US1COPK0069,39.4905,-105.5239,0
US1COPK0091,39.4537,-105.4219,0
US1COPU0055,38.3344,-104.8305,0
US1CORT0022,40.7078,-106.929,0
US1COSU0008,39.722,-106.137,0
US1COSU0039,39.52,-106.0412,0
US1COTL0010,38.9872,-105.3004,0
US1COWA0015,40.3545,-103.1587,0
US1COWE0028,40.5166,-104.6969,0
US1COWE0202,40.2335,-105.0169,0
US1COYU0037,40.0823,-102.2081,0
US1DESS0002,38.6972,-75.4931,0
US1DESS0007,38.7731,-75.5616,0
US1FLCH0008,27.0094,-82.1121,0
US1FLCR0025,26.163,-81.8058,0
US1FLHM0003,30.5414,-83.1112,0
US1FLOK0026,30.4575,-86.6411,0
US1FLPB0020,26.6211,-80.2021,0
US1FLPK0002,28.1669,-81.8219,0
US1FLPN0002,28.0569,-82.7537,0
US1FLPT0001,29.7587,-81.8385,0
US1FLWS0003,30.5858,-85.5776,0
US1GACB0006,33.9566,-84.6717,0
US1GACY0002,31.731,-84.9654,0
US1GADH0002,31.6012,-84.245,0
US1GAEF0001,32.2719,-81.2262,0
US1GAFT0024,33.7881,-84.3966,0
US1GALE0001,31.7567,-84.2736,0
US1GAML0001,31.2517,-84.609,0
US1GATH0005,30.8403,-83.8033,0
US1IACS0005,41.4943,-94.965,0
US1IALN0017,42.058,-91.4453,0
US1IAWB0009,42.4951,-94.1598,0
US1IDPY0001,44.1045,-116.914,0
US1ILBN0009,42.2699,-88.8284,0
US1ILCK0011,41.7287,-87.7763,0
US1ILCK0091,42.0306,-87.6857,0
US1ILCP0091,40.1191,-88.0336,0
US1ILKN0057,41.8865,-88.3517,0
US1ILLE0017,41.8364,-89.5008,0
US1ILMCH016,42.2253,-88.2207,0
US1ILMCL024,40.286,-88.7445,0
US1INAL0017,41.1517,-85.06,0
US1INBN0011,40.0261,-86.3619,0
US1INCK0009,38.4622,-85.6427,0
US1INCK0023,38.2973,-85.7197,0
US1INCS0001,40.57,-86.1671,0
US1INCY0003,39.2764,-87.1105,0
US1INDK0006,41.3652,-85.0436,0
US1INEL0046,41.4659,-85.7221,0
US1INGR0025,40.4225,-85.6417,0
US1INHS0031,39.8655,-86.3833,0
US1INJF0003,38.7383,-85.5358,0
US1INKS0018,41.2096,-85.8594,0
US1INMR0017,39.6535,-86.1777,0
US1INPT0002,41.5912,-87.1041,0
US1INTP0026,40.4078,-86.8955,0
US1INVG0005,39.4126,-87.3963,0
US1INWL0003,40.757,-85.1179,0
US1KSBB0001,37.8939,-95.0746,0
US1KSBB0002,37.8946,-95.0762,0
US1KSBT0009,38.4054,-98.7393,0
US1KSCA0007,37.385,-99.998,0
US1KSDG0026,38.7678,-95.0985,0
US1KSLG0005,39.1274,-100.853,0
US1KSME0002,37.415,-100.491,0
US1KSMR0006,38.5871,-96.895,0
US1KSRL0020,39.2725,-96.7383,0
US1KSRN0037,38.0341,-97.9229,0
US1KSRS0008,38.8574,-98.6151,0
US1KSSH0005,39.3553,-101.7104,0
US1KYAD0001,37.0667,-85.2884,0
US1KYJF0033,38.2562,-85.6935,0
US1KYMU0001,37.1572,-87.273,0
US1KYWL0001,37.647,-83.523,0
US1LAAS0009,30.2383,-90.9062,0
US1LALN0003,32.6093,-92.6629,0
US1LALV0002,30.5771,-90.9699,0
US1LAOC0001,32.5448,-92.0039,0
US1MABA0014,41.6479,-70.6229,0
US1MABE0002,42.1998,-73.3551,0
US1MDDR0001,38.5059,-76.1487,0
US1MEAR0006,46.3388,-67.886,0
US1MECM0003,43.9237,-70.2579,0
US1MESG0006,43.7528,-69.8049,0
US1MEWS0010,44.9095,-67.1268,0
US1MEYK0033,43.1681,-70.5972,0
US1MIAN0001,42.6732,-85.6801,0
US1MIGT0009,44.7456,-85.5184,0
US1MIKK0002,44.8513,-85.321,0
US1MIKN0056,43.031,-85.6127,0
US1MILP0006,42.9238,-83.1008,0
US1MINW0003,43.4616,-85.6027,0
US1MIOK0021,42.8378,-83.3812,0
US1MISW0005,42.93,-84.1046,0
US1MIWY0016,42.36,-83.3533,0
US1MNCG0001,45.7169,-92.9257,0
US1MNCS0001,46.4025,-94.4631,0
US1MNMC0003,44.898,-94.3723,0
US1MNOL0010,44.0458,-92.3703,0
US1MNRM0015,45.035,-93.1862,0
US1MNRV0005,44.8844,-94.8188,0
US1MOAW0001,39.8764,-94.6627,0
US1MOBN0028,39.1108,-92.4515,0
US1MOBY0003,36.5665,-93.9382,0
US1MOFSA015,38.3992,-93.3286,0
US1MOFSA125,38.2428,-91.9825,0
US1MOPT0012,39.2466,-94.79,0
US1MSJC0008,30.3687,-88.769,0
US1MSLE0008,34.2349,-88.7264,0
US1MSPN0005,34.4378,-90.0801,0
US1MSWN0002,32.9751,-89.117,0
US1MSWR0001,32.3488,-90.8412,0
US1MTBV0005,45.2138,-112.6273,0
US1MTCT0004,45.8995,-104.542,0
US1MTFH0011,48.4412,-114.3151,0
US1MTFL0007,46.3931,-104.5197,0
US1MTMS0007,46.8154,-114.1044,0
US1MTRB0009,46.5894,-107.7488,0
US1MTSG0006,45.8103,-109.8736,0
US1MTSG0007,45.8341,-109.941,0
US1MTSH0003,48.9135,-104.8999,0
US1MTTR0002,46.2898,-107.2279,0
US1NCAL0004,36.0755,-79.4378,0
US1NCBR0004,33.914,-78.2736,0
US1NCCC0003,36.3355,-75.821,0
US1NCCD0008,35.7885,-81.3884,0
US1NCCD0015,35.8533,-81.4688,0
US1NCCM0005,35.0237,-78.9509,0
US1NCCR0040,34.7361,-76.7831,0
US1NCCT0009,35.7395,-81.3787,0
US1NCJC0003,35.2301,-83.0064,0
US1NCON0044,34.7589,-77.3692,0
US1NCPT0012,35.4935,-77.3082,0
US1NCUN0002,35.0746,-80.6207,0
US1NCUN0003,35.1445,-80.6185,0
US1NCUN0008,35.0318,-80.6563,0
US1NCUN0017,34.9447,-80.6747,0
US1NCWK0049,35.6359,-78.6112,0
US1NCWK0100,35.9214,-78.6741,0
US1NCWR0002,36.5258,-78.1893,0
US1NCWT0015,36.201,-81.871,0
US1NDBW0002,46.1822,-103.4038,0
US1NDCS0027,46.9769,-96.8227,0
US1NDMR0001,47.3011,-101.6026,0
US1NHCH0010,42.7647,-72.2687,0
US1NHMR0004,43.1499,-71.5565,0
US1NHMR0033,43.2862,-71.6043,0
US1NJCN0015,39.8315,-75.0244,0
US1NJES0011,40.8648,-74.2157,0
US1NJMD0025,40.4698,-74.4607,0
US1NMBR0099,35.2016,-106.7027,0
US1NMGR0012,32.8699,-108.2837,0
US1NMLU0018,32.0336,-107.7706,0
US1NMOT0002,32.9576,-105.8398,0
US1NMOT0021,32.9197,-105.9359,0
US1NMQY0007,35.1395,-103.6489,0
US1NMRV0006,34.1567,-103.5283,0
US1NMSC0029,34.0594,-106.899,0
US1NVLY0012,39.5884,-119.1489,0
US1NVMN0001,38.5209,-118.6236,0
US1NVWH0088,39.5284,-119.8825,0
US1NVWH0099,39.8986,-119.97,0
US1NYBM0019,42.3442,-75.8635,0
US1NYDL0001,42.2519,-74.9874,0
US1NYER0009,42.8167,-78.7136,0
US1NYMD0001,42.9167,-75.9,0
US1NYMD0009,42.7398,-75.552,0
US1NYOL0001,43.2273,-78.3882,0
US1NYSL0012,44.4315,-75.4696,0
US1NYSY0010,42.3811,-76.9445,0
US1NYTG0004,42.2833,-76.15,0
US1NYTG0007,42.1167,-76.2833,0
US1NYWC0009,40.899,-73.785,0
US1NYWN0010,43.125,-77.299,0
US1OHBT0014,39.3019,-84.394,0
US1OHKN0001,40.2749,-82.604,0
US1OHSH0014,40.3563,-84.4076,0
US1OHVN0001,39.249,-82.523,0
US1OKBL0002,35.8417,-98.6175,0
US1OKCV0016,35.15,-97.396,0
US1OKOK0026,35.4877,-97.5294,0
US1OKRM0004,35.631,-99.3797,0
US1ORCB0008,45.861,-122.8314,0
US1ORCC0018,45.3108,-122.39,0
US1ORKL0002,42.2261,-121.7436,0
US1ORLN0021,44.5204,-122.9005,0
US1ORPK0020,44.7701,-123.4482,0
US1ORWC0003,45.6052,-121.2375,0
US1PABT0001,40.6976,-80.0914,0
US1PACN0021,40.8066,-77.8813,0
US1PALY0001,41.1944,-76.7827,0
US1PAWN0041,41.4511,-75.345,0
US1RINW0007,41.509,-71.159,0
US1SCAN0017,34.51,-82.71,0
US1SCCL0005,33.089,-80.814,0
US1SCDR0007,34.3866,-80.1048,0
US1SCFL0001,34.1269,-79.9455,0
US1SCGW0001,34.2001,-82.2398,0
US1SCHR0042,33.6184,-78.9641,0
US1SCYR0011,35.0333,-80.9753,0
US1SDBK0008,44.4396,-96.8909,0
US1SDCP0003,45.9242,-100.0053,0
US1SDGY0003,43.3581,-99.4169,0
US1SDGY0010,43.1551,-99.2584,0
US1SDHR0011,45.8848,-103.2742,0
US1SDJK0006,43.8367,-101.5078,0
US1SDLN0007,43.4587,-96.726,0
US1SDPN0040,44.0866,-103.3701,0
US1SDST0001,44.6604,-101.143,0
US1TNCF0004,35.565,-86.2306,0
US1TNCF0010,35.3732,-85.9462,0
US1TNCM0001,35.8725,-85.0704,0
US1TNDC0015,36.212,-87.4058,0
US1TNDV0035,36.2393,-86.7314,0
US1TNKX0006,36.0509,-84.0373,0
US1TNMD0010,35.7108,-88.959,0
US1TNMS0001,35.6866,-84.7081,0
US1TNMT0003,36.5147,-87.5919,0
US1TNPM0031,36.1153,-85.5332,0
US1TNSQ0009,35.362,-85.3797,0
US1TNSR0026,36.6167,-86.4659,0
US1TNWL0044,35.7629,-86.7616,0
US1TXAC0002,33.8281,-98.5492,0
US1TXBEL016,31.0306,-97.3496,0
US1TXBXR017,29.718,-98.6721,0
US1TXBXR089,29.5922,-98.556,0
US1TXCLD015,29.8973,-97.7861,0
US1TXCML035,29.734,-98.2021,0
US1TXCMR012,26.1851,-97.6465,0
US1TXED0017,30.1542,-100.3111,0
US1TXEP0022,31.4246,-106.0644,0
US1TXFB0012,29.6166,-95.6332,0
US1TXFY0038,29.6896,-96.9038,0
US1TXHDD006,32.389,-97.8146,0
US1TXHRR074,29.9564,-95.6463,0
US1TXJJ0002,29.8678,-93.923,0
US1TXLS0005,28.4534,-99.2184,0
US1TXMCC006,31.3905,-99.388,0
US1TXMLS002,31.528,-98.7243,0
US1TXSM0011,32.3638,-95.1718,0
US1TXTN0079,32.8746,-97.4433,0
US1TXVC0003,28.7202,-96.8258,0
US1TXWA0006,30.1572,-96.2626,0
US1TXWM0004,30.6516,-97.707,0
US1TXWM0070,30.501,-97.6952,0
US1TXWM0073,30.5561,-97.5343,0
US1TXZV0010,28.8588,-99.9552,0
US1UTDV0007,40.8693,-111.852,0
US1UTSL0028,40.5779,-111.8556,0
US1VAHMC007,37.0606,-76.4411,0
US1VALD0009,39.1295,-77.6718,0
US1VANNC008,37.1471,-76.5158,0
US1VARDC001,37.1306,-80.572,0
US1VAWH0004,36.6276,-82.175,0
US1VTWS0022,44.0679,-72.8336,0
US1WACK0022,45.6807,-122.6841,0
US1WAKG0035,47.7295,-122.0836,0
US1WAKP0021,47.899,-122.571,0
US1WALW0016,46.7231,-122.9511,0
US1WAPR0033,47.1739,-122.5978,0
US1WASG0032,48.4268,-122.6576,0
US1WIBT0002,45.8833,-92.096,0
US1WIBY0005,46.4944,-91.297,0
US1WIKN0006,42.5597,-87.8566,0
US1WIOZ0001,43.3085,-87.9848,0
US1WIPK0010,45.3811,-92.4958,0
US1WIWN0002,43.9375,-88.5425,0
US1WIWS0001,43.3241,-88.3134,0
US1WYAB0028,41.2949,-105.6263,0
US1WYGS0021,42.0605,-104.2024,0
US1WYGS0022,41.7251,-104.6501,0
US1WYJN0005,43.6789,-106.7269,0
US1WYJN0013,43.9394,-106.7527,0
US1WYLM0011,41.1499,-104.8166,0
US1WYLM0113,41.143,-104.217,0
US1WYSH0004,44.7771,-106.9392,0
USC00010117,34.6833,-86.8833,0
USC00010422,32.6,-85.5,130
USC00014115,34.7167,-85.6833,0
USC00018038,32.4392,-86.2025,0
USC00020494,35.2167,-112.4833,0
USC00021216,34.8,-112.8667,0
USC00023110,32.6231,-109.9428,83
USC00023303,35.7164,-109.5661,166
USC00024528,36.6,-111.0833,20
USC00025708,34.9167,-111.45,51
USC00027440,35.6667,-109.2,40
USC00027453,33.7833,-113.6167,27
USC00027600,32.3167,-112.05,32
USC00027708,34.8956,-111.7644,132
USC00027884,34.4667,-113.6333,26
USC00030806,35.9239,-89.9044,171
USC00032366,36.0717,-91.6169,104
USC00032810,34.2056,-94.2464,10
USC00033200,35.2872,-92.7875,0
USC00034696,36.05,-92.65,0
USC00034839,33.6772,-93.9903,34
USC00035079,34.0783,-93.7019,80
USC00040239,34.8667,-119.3333,0
USC00040332,35.2,-118.8333,8
USC00041758,32.64,-117.0858,188
USC00041945,39.2167,-122.0,86
USC00042456,39.3575,-121.2011,70
USC00042467,39.3239,-120.2331,116
USC00044082,41.05,-123.6667,50
USC00044100,39.0167,-123.1167,0
USC00044259,33.7086,-116.2153,202
USC00045496,37.0833,-119.4333,0
USC00045528,36.7833,-120.3667,0
USC00045809,40.8167,-121.9333,0
USC00045900,34.2333,-117.65,0
USC00046569,34.1981,-119.1753,157
USC00047248,33.0217,-117.0814,4
USC00047750,34.2,-117.7667,0
USC00048578,39.25,-122.6667,0
USC00048826,35.1333,-118.45,128
USC00048969,38.6,-119.4833,4
USC00049615,34.4833,-119.3,0
USC00049691,41.8333,-120.75,0
USC00049700,39.5333,-122.2,10
USC00050228,37.8667,-107.8833,28
USC00051620,40.415,-102.6267,14
USC00052557,39.75,-105.0833,108
USC00052795,39.6167,-105.35,0
USC00053592,39.8789,-106.3333,140
USC00054054,40.9678,-106.0003,54
USC00057557,39.55,-103.35,26
USC00057867,37.2833,-102.6167,30
USC00058022,39.4344,-105.1208,56
USC00066650,41.9,-71.8667,0
USC00068441,41.8,-73.1333,0
USC00068835,41.7333,-73.3333,4
USC00071200,39.5917,-75.7325,20
USC00083026,28.0425,-81.0372,14
USC00083209,27.4325,-80.4036,24
USC00085653,25.7833,-80.1833,40
USC00086419,29.2,-82.1,40
USC00086480,27.2333,-80.9667,2
USC00086620,29.5,-81.9167,0
USC00087812,29.8833,-81.3333,152
USC00091856,34.7667,-84.7833,0
USC00094862,32.7125,-82.5414,16
USC00096222,31.15,-81.9833,0
USC00097528,32.6328,-81.7756,26
USC00101272,47.5333,-115.8,62
USC00103225,46.8167,-115.9,0
USC00103902,42.1,-113.2,0
USC00106295,43.5833,-116.5667,32
USC00108500,44.2964,-112.4094,4
USC00109212,44.25,-116.2667,0
USC00110330,40.2333,-90.9472,0
USC00110440,42.15,-88.1333,8
USC00111412,40.0642,-90.1511,0
USC00114137,40.0597,-87.9756,0
USC00116074,38.2736,-89.9164,0
USC00119221,41.8128,-88.0728,144
USC00120898,38.3667,-86.0667,0
USC00122816,38.9756,-85.1028,0
USC00123527,39.7858,-85.7611,218
USC00124300,38.1233,-87.5319,0
USC00125174,41.2647,-87.4178,98
USC00125873,39.1167,-85.1,116
USC00134052,42.5069,-91.9014,176
USC00134926,41.1247,-94.0514,0
USC00135230,43.1631,-93.1953,232
USC00140010,38.9267,-97.2128,176
USC00140548,37.0486,-95.2142,0
USC00141452,38.3314,-98.3131,0
USC00142574,38.9008,-97.1097,18
USC00143072,37.5,-94.85,0
USC00144331,37.9106,-99.4058,4
USC00145115,38.5872,-99.5731,10
USC00145245,39.0167,-94.6667,0
USC00145768,38.9667,-97.4667,0
USC00146469,37.9667,-98.3,0
USC00147919,37.35,-100.8667,0
USC00148245,37.8236,-99.0781,0
USC00148773,39.5667,-101.7,0
USC00151391,37.1414,-85.9508,0
USC00153443,38.6167,-82.85,0
USC00153741,37.55,-83.7667,142
USC00153816,36.5667,-89.1667,60
USC00154938,37.6667,-85.4,44
USC00155389,36.6086,-83.7144,188
USC00155668,37.3833,-82.25,0
USC00156575,37.1,-87.8833,118
USC00158519,38.1,-82.8167,0
USC00160238,30.9644,-89.815,0
USC00161200,32.5331,-93.71,0
USC00165527,31.9833,-93.95,52
USC00166657,30.0375,-91.8839,194
USC00166661,30.0333,-90.0333,32
USC00167678,30.3333,-92.2667,84
USC00167729,31.2542,-91.9592,0
USC00168108,29.8722,-89.83,78
USC00168906,30.5225,-89.8742,0
USC00174230,44.4167,-70.0833,14
USC00174817,44.1569,-70.8944,0
USC00177037,44.9892,-70.6719,86
USC00178817,44.2822,-70.2561,22
USC00183805,38.95,-76.2,8
USC00184030,39.6969,-78.1775,102
USC00185340,39.4333,-76.55,0
USC00186620,39.4133,-79.4,223
USC00186800,38.7853,-76.9947,22
USC00189497,38.4,-75.3,4
USC00190830,41.7833,-70.0333,2
USC00191147,41.9,-69.9833,4
USC00192501,41.3853,-70.5181,134
USC00194502,42.5008,-70.8644,56
USC00194615,42.4167,-71.1167,0
USC00198918,42.05,-71.8833,0
USC00199221,42.0667,-72.9333,12
USC00201062,42.14,-83.2747,0
USC00201238,43.0481,-82.9239,16
USC00201702,42.1667,-86.3333,30
USC00201768,45.9247,-86.4436,0
USC00203123,46.2833,-85.95,28
USC00203477,42.4078,-82.8892,124
USC00203518,46.2642,-87.515,0
USC00205569,43.45,-86.35,0
USC00210746,48.1969,-93.7994,164
USC00212015,46.125,-95.9089,8
USC00213076,44.5564,-94.2206,112
USC00213419,48.0833,-90.75,0
USC00213520,43.5458,-92.0122,0
USC00215088,44.1667,-94.0167,0
USC00215937,48.1167,-94.3833,0
USC00216479,45.9667,-94.1,8
USC00217020,45.0897,-93.74,0
USC00217362,46.1167,-95.8333,12
USC00220176,33.9833,-88.55,0
USC00221299,34.7,-88.35,0
USC00222160,33.6667,-89.05,0
USC00222313,34.3,-89.3333,0
USC00225319,30.9356,-89.5264,0
USC00229079,34.3725,-89.5308,226
USC00229539,33.6,-88.7167,0
USC00229850,32.8667,-90.4,132
USC00232941,37.7925,-93.4483,0
USC00233066,37.3,-91.0667,10
USC00234919,37.5544,-91.8831,152
USC00235553,39.3283,-93.2247,0
USC00237514,39.4247,-92.8106,132
USC00238542,38.4306,-94.0253,0
USC00238725,38.835,-91.1386,224
USC00238878,39.7108,-91.5628,0
USC00241765,47.5167,-105.5667,70
USC00242783,46.5333,-108.9833,36
USC00243127,46.6167,-112.1,20
USC00243570,45.5261,-112.7006,106
USC00244328,48.3425,-114.0217,132
USC00244522,47.3144,-106.9103,186
USC00244730,46.3,-105.0,24
USC00245040,46.9558,-112.6547,128
USC00245300,46.5667,-112.3,0
USC00246007,47.0381,-110.7858,12
USC00247858,47.15,-110.2167,76
USC00248564,46.4167,-114.2,44
USC00248941,48.9703,-107.4222,0
USC00249052,46.9392,-108.1967,0
USC00249129,46.05,-112.45,0
USC00250734,41.4636,-98.0739,0
USC00252832,40.45,-98.0833,7
USC00255362,41.1431,-96.4808,88
USC00255830,42.1303,-98.0275,20
USC00256100,42.1333,-102.95,14
USC00258180,40.2331,-95.7733,0
USC00259120,40.85,-100.65,0
USC00264501,36.3208,-115.6725,6
USC00264646,36.6,-114.4833,64
USC00268346,41.3144,-116.2225,100
USC00270527,43.65,-71.5833,0
USC00270706,44.3064,-71.6575,40
USC00270741,43.3167,-71.7167,84
USC00270998,43.5889,-71.7361,0
USC00272302,42.8267,-71.6261,8
USC00274556,44.4911,-71.5725,120
USC00280331,39.7486,-74.7283,4
USC00285503,40.9939,-74.1453,16
USC00285597,41.0167,-74.5333,0
USC00291813,36.4661,-104.9456,218
USC00292321,36.6833,-104.1167,0
USC00292476,34.35,-106.6167,4
USC00292753,35.1675,-106.2061,20
USC00292837,36.5928,-106.73,156
USC00293405,36.2167,-106.8167,0
USC00293552,36.2167,-103.9333,4
USC00293626,35.3333,-108.75,24
USC00293840,35.75,-105.4667,24
USC00294028,32.6933,-103.2125,24
USC00294127,34.0167,-108.1,8
USC00294604,36.0833,-106.9333,0
USC00294864,32.7333,-107.65,0
USC00295490,36.5697,-104.5867,128
USC00296281,32.1664,-103.425,42
USC00296804,33.3503,-105.14,64
USC00297403,35.3667,-105.45,0
USC00298633,34.5833,-104.2667,0
USC00298652,34.7667,-106.4333,12
USC00299193,35.55,-106.1,6
USC00299657,35.9333,-108.2,0
USC00300254,42.1394,-74.6536,0
USC00300452,43.1014,-73.4319,0
USC00300684,42.2117,-75.9858,0
USC00300816,42.3667,-77.1,0
USC00301391,42.3667,-73.6,54
USC00301433,42.6167,-73.4167,10
USC00303289,43.3167,-73.65,104
USC00303299,43.2833,-73.6667,0
USC00303319,43.0492,-74.3592,228
USC00304045,42.2333,-78.2333,22
USC00304613,40.9333,-73.75,0
USC00305435,41.5703,-74.7931,0
USC00305441,41.05,-71.95,14
USC00305580,43.2,-73.75,60
USC00306685,42.6167,-75.6,0
USC00306810,44.6667,-75.0,31
USC00307129,43.6,-73.7331,0
USC00307282,40.8,-73.6333,38
USC00307659,42.8,-74.6,82
USC00307748,43.7,-73.5167,12
USC00308138,43.1333,-74.6667,0
USC00309292,41.3906,-73.9608,234
USC00309510,43.8,-75.6167,0
USC00310955,34.3167,-78.4,4
USC00311420,35.5453,-82.6986,38
USC00311515,35.3319,-79.4067,10
USC00312200,35.3117,-83.1747,206
USC00315480,35.95,-82.4667,0
USC00315937,35.4333,-82.75,0
USC00316452,35.0333,-76.7,30
USC00322536,47.2653,-98.8578,68
USC00323342,47.25,-98.0333,22
USC00324656,47.2667,-98.8667,50
USC00327704,48.3542,-99.9925,134
USC00328366,46.8917,-99.9325,220
USC00328396,46.05,-102.0833,26
USC00328937,46.9558,-98.0203,197
USC00329430,48.1375,-103.7372,112
USC00330251,40.8667,-82.3,88
USC00330663,39.4,-84.4,20
USC00330775,40.3,-82.3,38
USC00331259,40.7667,-81.3833,0
USC00331900,40.3,-81.8667,0
USC00333874,41.2167,-83.7667,120
USC00334403,39.7156,-82.6072,32
USC00335021,39.25,-82.4833,67
USC00335878,39.4667,-81.1167,0
USC00335904,40.5,-81.45,0
USC00336188,41.0833,-84.3833,0
USC00336196,41.2667,-82.2167,232
USC00337080,41.45,-84.2667,14
USC00337400,40.1394,-83.9289,0
USC00337925,39.9167,-83.8167,54
USC00338366,41.65,-83.5333,96
USC00338990,39.8731,-84.6556,0
USC00341620,36.3108,-98.9803,0
USC00342011,34.2742,-96.4139,18
USC00344236,35.0708,-96.3561,6
USC00344951,36.3842,-98.1114,8
USC00344978,35.4878,-97.6644,56
USC00345072,34.7333,-98.5,0
USC00346139,36.2283,-99.17,186
USC00346240,35.0167,-98.5333,20
USC00346278,36.8914,-97.0586,222
USC00347002,35.9986,-97.0481,8
USC00347394,36.6,-95.9167,0
USC00347785,34.0167,-97.95,8
USC00347862,35.4572,-94.8047,186
USC00348056,35.85,-95.0,0
USC00348987,36.15,-96.0,0
USC00350501,43.9456,-120.2169,102
USC00351978,43.5333,-121.9333,11
USC00352678,45.7083,-117.1528,78
USC00353402,45.3014,-121.7417,122
USC00354403,42.1264,-121.9308,4
USC00354635,42.3667,-122.5333,69
USC00354819,44.5328,-122.9014,10
USC00356907,42.7342,-122.5164,209
USC00359038,44.7667,-121.25,60
USC00360140,40.495,-78.4667,86
USC00360457,40.8208,-76.4983,10
USC00360725,40.3,-77.5833,0
USC00360736,40.45,-79.15,62
USC00360861,40.3917,-79.8594,6
USC00361727,40.0,-79.5833,0
USC00363311,41.5631,-78.6014,18
USC00364325,41.4992,-80.4681,162
USC00364611,40.8167,-79.5333,0
USC00364763,40.05,-76.2742,72
USC00364798,40.25,-75.2833,0
USC00364972,41.6833,-76.7167,50
USC00365381,40.4,-77.9333,0
USC00366042,40.2156,-79.4994,32
USC00366194,40.1358,-74.955,131
USC00366241,41.8575,-75.8097,0
USC00366719,41.1,-79.6833,0
USC00366904,40.0333,-75.25,84
USC00367411,41.3667,-77.7333,0
USC00368469,41.4039,-78.0183,86
USC00368692,41.9478,-75.6047,0
USC00368717,39.9056,-75.35,22
USC00369265,40.75,-75.6,0
USC00378820,42.0,-71.7667,16
USC00380736,34.2169,-80.2392,156
USC00381241,33.8083,-79.8567,38
USC00381625,35.1108,-81.9675,42
USC00383356,35.0922,-81.5578,0
USC00386209,34.2978,-81.6236,226
USC00390296,43.3131,-98.3486,224
USC00392647,44.3186,-102.4683,62
USC00393775,43.8069,-103.2131,50
USC00394413,43.8353,-101.5147,92
USC00395090,43.9906,-97.0925,96
USC00398116,45.3036,-97.0625,108
USC00399070,44.0761,-98.5706,130
USC00401916,35.0833,-86.7333,154
USC00403139,36.4167,-83.2167,0
USC00404392,35.8167,-88.9333,0
USC00406407,36.1619,-86.7722,0
USC00407710,35.7178,-89.4986,96
USC00408527,35.9,-85.4833,24
USC00408886,35.3675,-84.2997,54
USC00409244,35.95,-83.95,0
USC00410174,30.3764,-103.66,164
USC00411236,34.1061,-98.5347,0
USC00411541,30.0164,-97.4786,22
USC00411838,29.7067,-95.6878,0
USC00412080,32.6297,-96.4581,0
USC00413618,28.6617,-97.385,148
USC00413622,29.5339,-97.45,96
USC00414062,34.8489,-100.6492,0
USC00414194,29.35,-95.0167,12
USC00415049,29.8,-101.5667,8
USC00415056,27.5036,-99.5117,0
USC00415183,33.55,-102.3758,140
USC00415408,33.6578,-101.8133,0
USC00415840,31.4167,-99.1667,0
USC00416137,33.9544,-102.7783,66
USC00416780,30.2061,-101.5575,92
USC00417044,31.8903,-104.8078,50
USC00417091,29.85,-104.0167,0
USC00417813,30.0333,-104.5833,12
USC00417947,29.5253,-98.4539,30
USC00418236,35.215,-100.2503,98
USC00419015,32.5333,-98.3333,0
USC00419260,29.5972,-99.5183,0
USC00419588,26.1781,-97.9708,194
USC00419815,30.0017,-98.1047,0
USC00420194,40.9333,-112.1667,40
USC00420738,37.6131,-109.4847,210
USC00420810,40.0333,-109.1167,12
USC00421685,40.3333,-111.5167,0
USC00423671,41.6,-111.5667,68
USC00424378,37.9333,-113.6833,0
USC00424968,37.2008,-113.2686,124
USC00425215,40.7833,-113.1167,12
USC00425268,40.5603,-109.6642,54
USC00427576,40.7833,-112.1667,74
USC00429584,40.5578,-111.1686,0
USC00430661,43.8833,-72.6344,4
USC00430940,44.0242,-72.6411,0
USC00440495,37.15,-81.1667,0
USC00442600,37.6658,-80.2442,2
USC00442663,38.8025,-78.5853,34
USC00444180,37.3653,-82.0561,0
USC00446173,37.1244,-82.6339,30
USC00446573,37.4667,-79.6,36
USC00448949,38.0667,-78.8833,6
USC00452384,47.2422,-121.1869,24
USC00454085,46.05,-122.75,0
USC00454438,48.0833,-123.7,0
USC00454710,48.4667,-117.3833,8
USC00454999,48.5381,-121.4503,0
USC00456808,47.2,-122.3333,0
USC00457100,47.4,-121.4333,0
USC00457379,47.7,-121.15,2
USC00457773,47.5414,-121.8361,220
USC00458034,47.8664,-121.7175,174
USC00458802,47.45,-122.5,109
USC00458959,46.4353,-120.4203,190
USC00459376,48.4742,-120.1886,202
USC00461319,37.9833,-82.35,38
USC00462212,39.0,-79.5,0
USC00462622,38.1436,-82.3828,26
USC00463672,37.8167,-80.8667,52
USC00466168,39.2,-78.85,32
USC00467109,38.9167,-82.1333,0
USC00468409,39.4667,-78.7,2
USC00471681,43.3125,-88.7197,0
USC00471978,46.0086,-92.3736,182
USC00472001,42.6781,-90.1064,196
USC00472412,42.7981,-88.3803,2
USC00473058,43.2389,-88.1222,138
USC00474720,45.3167,-88.85,0
USC00475524,46.1006,-91.8178,0
USC00477121,44.9672,-89.8961,0
USC00478349,46.7,-92.0167,208
USC00478478,45.7131,-89.0028,0
USC00480733,43.1167,-105.0167,0
USC00480735,43.1167,-105.5,0
USC00482054,42.9589,-109.9958,59
USC00484205,43.7833,-108.55,0
USC00484875,41.5333,-105.2333,14
USC00485520,42.25,-106.6667,20
USC00485720,41.8333,-105.6333,58
USC00486165,42.95,-110.3667,48
USC00487990,41.4528,-106.8053,116
USC00489900,44.7375,-110.4969,0
USC00501987,65.4861,-144.6364,93
USC00502112,64.925,-147.8803,72
USC00502156,61.9667,-145.3167,50
USC00503160,65.0033,-147.3408,26
USC00504570,58.8667,-135.1333,0
USC00504812,58.1914,-152.3722,116
USC00504964,66.9,-156.8667,31
USC00505397,62.4528,-146.6789,28
USC00505770,62.9583,-155.5903,8
USC00506441,60.05,-151.6667,10
USC00506812,57.1667,-154.2333,0
USC00507141,57.9578,-136.2214,58
USC00510507,21.3747,-157.9917,147
USC00511075,20.8658,-156.3436,0
USC00511125,20.7947,-156.0153,108
USC00512182,19.7167,-155.4333,14
USC00513556,20.9,-156.3,0
USC00514680,20.225,-155.7933,146
USC00516141,21.3014,-157.8336,0
USC00518067,19.9522,-155.185,0
USC00518172,21.4667,-158.0167,20
USC00518760,20.6486,-156.3983,0
USC00519130,22.1167,-159.6167,0
USR0000AEAG,64.7761,-141.1619,38
USR0000AMUS,35.6147,-113.7939,32
USR0000ASAL,66.8125,-141.62,42
USR0000AUNI,35.2247,-114.3747,36
USR0000CABS,40.3983,-122.8333,34
USR0000CCNC,38.2869,-105.6814,10
USR0000CCOC,39.64,-105.4647,22
USR0000CDNO,34.0092,-119.6542,22
USR0000CJUL,33.0758,-116.5908,38
USR0000CMAP,40.7964,-123.9367,22
USR0000CNEE,38.3894,-106.5303,18
USR0000CSFD,34.1208,-117.9458,32
USR0000FBLO,30.5872,-84.9886,18
USR0000GWAY,31.11,-82.26,18
USR0000IHPK,43.9481,-114.7561,52
USR0000KKYL,36.7764,-88.0631,22
USR0000MBRR,44.8019,-86.0508,18
USR0000MLIT,47.8139,-109.0167,54
USR0000MSTM,48.7375,-113.4305,52
USR0000NHAM,48.5281,-98.6236,18
USR0000NKYL,36.2667,-115.6,28
USR0000NREP,41.4847,-114.7931,20
USR0000OCHE,43.2264,-121.7889,20
USR0000RNIN,41.35,-71.65,30
USR0000TBIR,30.2625,-98.6289,22
USR0000TCON,30.2364,-95.4828,26
USR0000THAM,36.2572,-83.2772,16
USS0005G05S,42.2833,-105.5833,48
USS0005J42S,40.0333,-105.55,46
USS0005R01S,33.4,-105.7833,20
USS0006K45S,39.6,-106.5167,20
USS0006M23S,37.3833,-106.5333,56
USS0007H05S,41.3,-107.1667,52
USS0007J05S,40.1167,-107.3,52
USS0008M02S,37.4167,-108.1833,35
USS0009S07S,33.8,-109.15,44
USS0011G06S,42.3667,-111.5667,48
USS0011J68S,40.9333,-111.8,26
USS0013A27S,48.8,-113.6667,54
USS0013C39S,46.1833,-113.85,48
USS0013E06S,44.4167,-113.4167,48
USS0016C20S,46.85,-116.1167,60
USS0019L40S,38.5833,-119.6,40
USS0021B17S,47.3333,-121.6,32
USS0021C13S,46.1,-121.75,59
USS0021C20S,46.1833,-121.9333,56
USS0021G04S,42.2,-121.1333,26
USS0023G09S,42.05,-123.2,46
USW00003179,33.9753,-117.6361,30
USW00003816,37.0683,-88.7719,126
USW00003927,32.8978,-97.0189,130
USW00013710,38.8333,-77.0167,16
USW00013729,38.8853,-79.8528,172
USW00013746,35.9667,-77.8,20
USW00013782,32.78,-79.9319,240
USW00013814,35.9667,-89.95,26
USW00013837,33.4669,-82.0386,32
USW00013853,32.1333,-81.2,4
USW00013973,30.5108,-99.7664,74
USW00014742,44.4683,-73.15,144
USW00014762,40.3547,-79.9217,46
USW00014772,43.8833,-73.4,16
USW00014994,40.75,-99.6167,48
USW00023043,33.4,-104.5333,172
USW00024101,41.1167,-111.9667,44
USW00024151,42.1492,-112.2872,124
USW00025624,55.2208,-162.7325,126
USW00026529,65.1744,-152.1069,201
USW00045709,52.8,173.1667,14
USW00053121,33.2194,-117.3494,28
USW00053159,35.5039,-111.3458,6
USW00053869,35.9403,-89.8308,28
USW00053878,35.4186,-82.5567,22
USW00053907,32.6636,-97.0939,30
USW00093032,39.7,-104.75,8
USW00093113,33.75,-118.25,4
USW00093145,32.7333,-114.6167,114
USW00094011,48.4167,-101.35,22
UV000005510,11.67,-4.3,80
UY000001279,-31.43,-55.23,0
UY000001405,-31.7,-55.983,22
UY000001840,-32.53,-54.4,0
UZM00038567,40.133,65.349,0
UZM00038577,40.0,67.6,0
UZM00038579,40.117,67.833,48
UZM00038685,39.5,63.85,0
VE000004050,7.47,-72.43,0
VE000009350,10.08,-67.42,0
VE000080423,10.583,-62.317,80
VMW00041029,11.3,106.7833,0
VQC00670260,17.7333,-66.7333,0
VQC00671316,18.35,-64.7833,4
WA004912120,-25.53,17.13,0
WA007376930,-22.55,15.9,0
WA007405750,-22.58,17.33,0
WA008752040,-21.4,18.12,0
WA010035580,-19.8,14.82,0
WA010066890,-19.98,16.38,0
ZI000067865,-18.933,29.833,78
